barcode,count
CAATTAGAAATACATA,90729
GTACAAACCTGCAAAT,80372
AACCACCGAGTGACCG,69360
AAAAAATTTATGACAA,68153
TACCCTGCAAGCCACT,64077
TTATCTGTAGAGCGCT,55016
AACGACAAACAGTAAG,41817
TTATGATCGAGGTAAA,30089
GCTAATTCCAAAAGCG,23944
CTTTAAATTATAGTCT,22761
TCCAAACAGCGTTAAA,20887
AAGCGGTTTAGGTCCA,16756
CATACAGAGTTTGTTG,12275
GCTTTTGAGAACCATT,11951
CGCAAGGGATACTAAC,10271
GGTTGCGTAGTTAATC,9980
CTGAAACCTTGTCCTA,9382
TCTTAACTACCCGATG,8621
AGTTATGTAAAACGTG,7360
TATCATTTCATCTACA,6305
CCAATAAAATACGATG,6258
AGGTGCGAGCCATCAG,5976
TGGCTAGCGCACACCA,5287
ATAAAGAATCCCTTGA,4678
TTAGTCATCTGGGTGC,3879
GCATTATAATCTTGTG,3721
AATCCGGTTAACCCCG,3572
TTACATTTTTAGAATT,3204
TAGCTGGGCAAAGGCT,2996
TAAAAGAATGATGGTC,2967
TACCATTTTGGTCCGC,2461
ATTTTTCTATGGCTAC,2302
GAAAGAAAGCTATATG,2244
AAGAAATTATGGCAGG,2200
AATCTTTCCAATCTTG,2185
CATAAAAGACTGTATA,2131
ACAGTACAGATATGAC,2030
CGCAGTACACAACAAG,2008
CCGGTTTTCGGGACCT,1646
TGTAGTATAAGAATAA,1505
CATAATGCACAAACGC,1412
CATATTCTAAAATTGA,1322
CTTGTAAAACTATGAT,1294
CTTGAATACACAAACA,1231
CGTATAACTGACGATT,1212
CTACTAGAGCAGCGAG,1206
TATCAATTCGGTATTA,1140
CGTACAGTGTAATCGA,1124
CAAGAAATGTAGTGAA,1119
AGACCATCGCACCCAA,1040
CACCACAGTTACTTAA,1033
TACGACGGAAACAGAA,1027
AAGTATTGCTACACAT,1000
TATCCTTGAGTGGCTC,945
TTAACCTAACGTATAG,929
AACGACACTTACATCC,831
CTATCTTAATCTACAG,800
GTTATTATGACTTCAT,720
ATAATAATCATCAAGA,649
CGTCAGAAGTTTATAA,613
TGCCGATCCAATTGAT,549
AGCTATGCCTAGTGAA,485
TTTCATATAATTTGAG,434
ATTCAATACGTACTTA,339
GATCTGCTTGGAATGT,334
TGATTCGTCAATTCAT,310
AGCAGACACTTTACAT,303
CGCCGAACGGCGGCGC,300
AATATACCGGCACTAC,282
ATCGAAAAAACTGCAA,264
TCTTACATTGAAAGGC,262
CGCGAACAACAGGGGA,241
TATTATCTAAACGGCG,225
AAGAAAACGGAAAGAA,216
AGACTGTACGCGACAG,200
GTTATAGAGTGCTTAC,183
ACGGACAACCTATCGC,181
TTAGCTACTAACCCGT,176
TTTACTCGACTAACCG,171
CCCATATACTCACAGA,150
ACTATACATAGAAGAA,149
GAGATAGCCCAGAGGT,149
CAGTGCCATCCATCCA,118
CACAGACAATAAAAAA,112
AGCATGAGCTTGTCAT,109
GACCAAAAAGCAGTAT,109
ATAGGATATATGGCTG,108
TATCGCAATATGATAA,105
ACTGAACAGTATAACT,101
TCCGCCACTATAACAT,100
CAAAAGCAGCACGATA,83
TAAACAAAACCTATAC,82
AAAGATAAATTCAAAA,78
GAGCCCGAATAGCAAG,75
TCGTCCTAGAACCTAA,75
AAACTTCGTGGTATAC,74
CTGTGAAAAAAAATAC,73
AGTGCTATAAAAATCA,71
CGGGAAATGTAAATGA,67
GTAATTCGCATGCGGA,63
AAAACAGGTCCGGTTT,62
CAATGGATAATGATAG,58
TCCCCGTGGTTTGACA,58
CCGCTATCATTAACCC,57
TGAATTGCGTGATGGG,56
CATTTCTGATGAATTG,55
AAGCTAATCGTAGTCC,54
ATCGTCCCGGACATTT,54
TTAGCAGTTAACGTAT,49
GAAAATCGAGCTTTAA,47
AAGTTGTACTTAAGGC,46
CCATATATAAGAAACC,44
CAACGTGATGAGGAAG,38
GCATCCTTGTGTCGAA,37
TTGCTAGTCTACCTGA,37
CTTCATCTCATTTAAA,35
TCTTGAATTTCATGGA,35
GCCCATTGAACGCAGC,33
CCCCAGGTATAAAATA,30
AATAGGCCCAAATCCA,29
CTAAGGGCCTGTTCTT,28
ACCGTTTTTCTACCAG,27
TCGATTACTAGCCGGA,27
GGCTATATATCTGTTT,26
CCATCACCTTATACAC,25
TTACGACGTCATGTAT,25
AGATGGAGGAATAAAC,21
ATTTATATTGTCGAAC,21
CGTTAACGGCCTATCC,21
GACCAAAGCTGCAGGG,21
CACCCAAACGTTCGCA,20
CAAGACAAGCCCTATA,19
CGGGGACAAGATTGTA,19
ATAACGTTTGTGCAAA,17
AACGACAACCATGAAT,16
GTAGAAACTAGGAGTT,16
TACGAAAATCAAGAGC,15
TAAACTGTAACTTACA,12
TTACGTCAATGTTTGA,11
AAATTTTTCTTTAGAC,9
CCGATAAGACGTCGCT,6
ACGCAAATAGACCGAA,5
GGCAATAAGTTAAATG,5
TGAGATCAGCCGGGTG,4
GCTGAAGACAGTATTA,1
GTTTTTCACTGAGTAG,1
TTATAATGGCCGGTAT,1
AAAGACCTTTAACTCT,0
AAAGTAGCAGAGGATT,0
AAATACCCTTGAGATA,0
AAATGCTGAGAGGGTA,0
AAATTCACAATATCCA,0
AACAAGGCCAACATTT,0
AACAATTAATTTTTCA,0
AACCACCCCAGAGATG,0
AACCGTACCGCGTTTA,0
AAGTGGTAGGATAAAA,0
AATCCGATAAGAGCTA,0
AATGACAGCTGTCTAG,0
AATGGTCGAGCCATTC,0
AATTAATGGTAATAAA,0
AATTACGCATAGGCCA,0
ACAAAGATAAAAATTT,0
ACCCTTTTAGATATGA,0
ACGTAAATCCCCACAA,0
AGAAAAACGACATCAT,0
AGATCATAAGCAATAA,0
AGCTGAATTAAGTATG,0
AGGGACTTTATTGTCC,0
AGTTCCATAGGCATGG,0
ATAGAAAATTATCCGC,0
ATCGATTCGATTGACG,0
ATGCGTCTAAACATAG,0
ATGGTTATCTTACCTT,0
ATTAGATTATAACGTA,0
ATTTACTCATTATACG,0
CAAAAAGCTAATAAGT,0
CAATTCGCCGTTCCCC,0
CACCGACCAACTCTCT,0
CACCTTCATCCTAAAG,0
CACGTTAGTGAGACTT,0
CAGATAGTGATGAACA,0
CAGCCGCTAAAATGAT,0
CAGTAGCAAAACATGC,0
CATCATTATTACAAAG,0
CCAATCATGTATCACA,0
CCAATCCCAGCCTTTA,0
CCACAAGTTTGAAAAC,0
CCACGCACTTAAATAA,0
CCACGTTCATTAGATG,0
CCAGAGACACGCTAGG,0
CCCGCTAACCCTGTCT,0
CCCTCCTCAAGGGTAA,0
CCGCAATGACAATTTG,0
CCTATAAGGCCTTACG,0
CCTATTATAGCTAACA,0
CGAAAACATTACAAAT,0
CGATCTTTACGAAAAA,0
CGCGAATCACTAAGTA,0
CGGCTAAAGTCTATAG,0
CGGGAATCTCCCATAC,0
CGTACGTATGTCCCAG,0
CGTCCCTGGCGTGTCG,0
CTACACTACATCAAAT,0
CTCATTACAGAAATTG,0
CTCCAATAGGAGACGA,0
CTGCGAATATTGTGAC,0
CTTACAAAGGTAATTC,0
GAAGTAACAAACTATG,0
GACAGAAACAAAATTA,0
GACATCAAATAGCAAC,0
GACCTCCTGGGCACGC,0
GATTCACGGCCCACAA,0
GCAACGAGGTGTAACC,0
GCCGTAGCGAAATCTT,0
GCTGGTGCACAAGATT,0
GGGTGCAATGAATCCA,0
GGTTAACTTTGGAAGC,0
TAAAAAGCCTCCATGA,0
TAATAACTTGAGATTC,0
TACCAATGTCATTTGA,0
TACTAGCAATAAAATC,0
TACTGAGACACTTAAA,0
TAGATAATAAGATTCA,0
TAGTTGCCCCGACCTG,0
TATACTCACGGAGGAT,0
TATATGGAATACTAAA,0
TATCCAAGGGACGGAC,0
TCAAACTATGATATTC,0
TCAACCCTTCGATGTA,0
TCAATGAATGCGGGGT,0
TCCACACCCCTAGCTA,0
TCCCGAACTGAACGCG,0
TCCTTTAACTAATCGA,0
TCGCGGTAGATTTGCG,0
TCTCCGATAGCCCTAC,0
TCTTAGAGTGAACGAT,0
TGACAAACACCTGAGG,0
TGAGTTCATAGCTCCA,0
TGATCCGCAAGCTTAG,0
TGTTGTAATCTGAATA,0
TTATGTTTTAATGGTA,0
TTCATCAAGTTGGTGC,0
TTGACTCACCGAATAA,0
TTGCAATTGAAACATA,0
TTTATGCCGATAGAGA,0
