name,sequence
A/Abu_Dhabi/6753/2023,catttgtagctacagatgcagacacacaaaaaatacctggaaatgacaatagcacggcaacgctgtgccttgggcaccatgcagtaccaaacggaacgatagtgaaaacaatcacaaatgaccgaattgaagttactaatgctactgagttggttcagaattcatcaataggtaaaatatgcaacagtcctcatcagatccttgatggagggaactgcacactaatagatgctctattgggggaccctcagtgtgacggctttcaaaataaggaatgggacctttttgttgaacgaagcagagccaacagcagctgttacccttatgatgtgccggattatgcctcccttaggtcactagttgcctcatccggaacactggagtttgaaaatgaaagcttcaattggaccggagtcaaacaaaacggaacaagttctgcgtgcaaaaggggatctagtagtagtttttttagtagattaaattggttgaccagcttaaacaacatatatccagcacagaacgtgactatgccaaacaaggaacaatttgacaaattgtacatttggggggttcaccacccggatacggacaagaaccaattctccctgtttgctcaatcatcaggaagaatcacagtatctaccaaaagaagccaacaagctgtaatcccaaatatcggatctagacccagagtaagggatatccctagcagaataagcatctattggacaatagtaaaaccgggagacatacttttgattaacagcacagggaatctaattgctcctaggggttacttcaaaatacgaagtgggaaaagctcaataatgagatcagacgcacccattggcaaatgtaagtctgaatgcatcactccaaatggaagcattcccaatgacaaaccgttccaaaatgtaaacaggatcacatacggggcctgtcccagatacgttaagcaaagcaccctgaaattggcaacaggaatgcgaaatgtacctgagaaacaaaccagaggcatatttggtgcaatagcgggtttcatagaaaatggatgggagggaatggtggatggttggtacggtttcaggcatcaaaattctgagggaagaggacaagcagcagatctcaaaagcactcaagctgcaatcgatcaaatcagtgggaagctgaatcgattgatcggaaaaaccaacgagaaattccatcagattgaaaaagaattctcagaagtagaaggaagagttcaagacctcgagaaatatgttgaggacactaaaatagatctctggtcatacaacgcggagcttcttgttgccctggagaaccaacatacgattgacctaactgactcagaaatgaacaagctgtttgaaaaaacaaagaagcaactgagggaaaatgctgaggatatgggaaatggttgtttcaaaatataccacaaatgtgacaatgcctgcataggatcaataagaaatgaaacttatgaccacaatgtgtacagggatgaagcattaaacaaccggttccagatcaagggagttgagctgaagtcaggatac
A/Georgia/40/2023,catttgtagctacagatgcagacacacaaaaaatacctggaaatgacaatagcacggcaacgctgtgccttgggcaccatgcagtaccaaacggaacgatagtgaaaacaatcacaaatgaccgaattgaagttactaatgctactgagttggttcagaattcatcaataggtaaaatatgcaacagtcctcatcagatccttgatggagggaactgcacactaatagatgctctattgggggaccctcagtgtgacggctttcaaaataaggaatgggacctttttgttgaacgaagcagagccaacagcagctgttacccttatgatgtgccggattatgcctcccttaggtcactagttgcctcatccggaacactggagtttaaaaatgaaagcttcaattggaccggagtcaaacaaaacggaacaagttctgcatgcaaaaggggatctagtagtagtttttttagtagattaaattggttgaccagcttaaacaacatatatccagcacagaacgtgactatgccaaacaaggaacaatttgacaaattgtacatttggggggttcaccacccggatacggacaagaaccaattctccctgtttgctcaatcatcaggaagaatcacagtatctaccaaaagaagccaacaagctgtaatcccaaatatcggatctagacccagagtaagggatatccctagcagaataagcatctattggacaatagtaaaaccgggagacatgcttttgattaacagcacagggaatctaattgctcctaggggttacttcaaaatacgaagtgggaaaagctcaataatgagatcagacgcacccattggcaaatgtaagtctgaatgcatcactccaaatggaagcattcccaatgacaaaccgttccaaaatgtaaacaggatcacatacggggcctgtcccagatacgttaagcaaagcaccctgaaattggcaacaggaatgcgaaatgtacctgagaaacaaaccagaggcatatttggtgcaatagcgggtttcatagaaaatggatgggagggaatggtggatggttggtacggtttcaggcatcaaaattctgagggaagaggacaagcagcagatctcaaaagcactcaagcagcaatcgatcaaatcagtgggaagctgaatcgattgatcggaaaaaccaacgagaaattccatcagattgaaaaagaattctcagaagtagaaggaagagttcaagacctcgagaaatatgttgaggacactaaaatagatctctggtcatacaacgcggagcttcttgttgccctggagaaccaacatacgattgacctaactgactcagaaatgaacaagctgtttgaaaaaacaaagaagcaactgagggaaaatgctgaggatatgggaaatggttgtttcaaaatataccacaaatgtgacaatgcctgcataggatcaataagaaatgaaacttatgaccacaatgtgtacagggatgaagcattaaacaaccggttccagatcaagggagttgagctgaagtcaggatac
A/California/81/2023,catttgtagctacagatgcagacacacaaaaaatacctggaaatgacaatagcacggcaacgctgtgccttgggcaccatgcagtaccaaacggaacgatagtgaaaacaatcacaaatgaccgaattgaagttactaatgctactgagttggttcagaattcatcaataggtaaaatatgcaacagtcctcatcagatccttgatggagggaactgcacactaatagatgctctgttgggggaccctcagtgtgacggctttcaagataaggaatgggacctttttgttgaacgaagcagagccaacagcagctgttacccttatgatgtgccggattatgcctcccttaggtcactagttgcctcatccggaacactggagtttaaaaatgaaagcttcaattggaccggagtcaaacaaaacggaacaagttctgcgtgcaaaaggggatctagtagtagtttttttagtagattaaattggttgaccagcttaaacaacatatatccagcacagaacgtgactatgccaaacaaggaacaatttgacaaattgtacatttggggggttcaccacccggatacggacaagaaccaattctccctgtttgctcaatcatcaggaagaatcacagtatctaccaaaagaagccaacaagctgtaatcccaaatatcggatctagacccagagtaagggatatccctagcagaataagcatctattggacaatagtaaaaccgggagacatacttttgattaacagcacagggaatctaattgctcctaggggttacttcaaaatacgaagtgggaaaagctcaataatgagatcagacgcacccattggcaaatgtaagtctgaatgcatcactccaaatggaagcattcccaatgacaaaccgttccaaaatgtaaacaggatcacatacggggcctgtcccagatacgttaagcaaagcaccctgaaattggcaacaggaatgcgaaatgtacctgagaaacaaaccagaggcatatttggtgcaatagcgggtttcatagaaaatggatgggagggaatggtggatggttggtacggtttcaggcatcaaaattctgagggaagaggacaagcagcagatctcaaaagcactcaagcagcaatcgatcaaatcagtgggaagctgaatcgattgatcggaaaaaccaacgagaaattccatcagattgaaaaagaattctcagaagtagaaggaagagttcaagacctcgagaaatatgttgaggacactaaaatagatctctggtcatacaacgcggagcttcttgttgccctggagaaccaacatacgattgacctaactgactcagaaatgaacaagctgtttgaaaaaacaaagaagcaactgagggaaaatgctgaggatatgggaaatggttgtttcaaaatataccacaaatgtgacaatgcctgcataggatcaataagaaatgaaacttatgaccacaatgtgtacagggatgaagcattaaacaaccggttccagatcaagggagttgagctgaagtcaggatac
A/Wisconsin/27/2023,catttgtagctacagatgcagacacacaaaaaatacctggaaatgacaatagcacggcaacgctgtgccttgggcaccatgcagtaccaaacggaacgatagtgaaaacaatcacaaatgaccgaattgaagttactaatgctactgagttggttcagaattcatcaataggtaaaatatgcaacagtcctcatcagatccttgatggagggaactgcacactaatagatgctctattgggggaccctcagtgtgacggctttcaaaataaggaatgggacctttttgttgaacgaagcagagccaacagcagctgttacccttatgatgtgccggattatgcctcccttaggtcactagttgcctcatccggaacactggagtttaaaaatgaaagcttcaattggaccggggtcaaacaaaacggaacaagttctgcgtgcaaaaggggatctagtagtagtttttttagtagattaaattggttgaccagcttaaacaacatatatccagcacagaacgtgactatgccaaacaaggaacaatttgacaaattgtacatttggggggttcaccacccggatacggacaagaaccaattctccctgtttgctcaatcatcaggaagaatcacagtatctaccaaaagaagccaacaagctgtaatcccaaatatcggatctagacccagagtaagggatatccctagcagaataagcatctattggacaatagtaaaaccgggagacatacttttgattaacagcacagggaatctaattgctcctaggggttacttcaaaatacgaagtgggaaaagctcaataatgagatcagacgcacccattggcaaatgtaagtctgaatgcatcactccaaatggaagcattcccaatgacaaaccgttccaaaatgtaaacaggatcacatacggggcctgtcccagatacattaagcaaagcaccctgaaattggcaacaggaatgcgaaatgtacctgagaaacaaaccagaggcatatttggtgcaatagcgggtttcatagaaaatggatgggagggaatggtggatggttggtacggtttcaggcatcaaaattctgagggaagaggacaagcagcagatctcaaaagcactcaagcagcaatcgatcaaatcagtgggaagctgaatcgattgatcggaaaaaccaacgagaaattccatcagattgaaaaagaattctcagaagtagaaggaagagttcaagacctcgagaaatatgttgaggacactaaaatagatctctggtcatacaacgcggagcttcttgttgccctggagaaccaacatacgattgacctaactgactcagaaatgaacaagctgtttgaaaaaacaaagaagcaactgagggaaaatgctgaggatatgggaaatggttgtttcaaaatataccacaaatgtgacaatgcctgcataggatcaataagaaatgaaacttatgaccacaatgtgtacagggatgaagcattaaacaaccggttccagatcaagggagttgagctgaagtcaggatac
A/Maldives/852/2023,catttgtagctacagatgcagacacacaaaaaatacctggaaatgacaatagcacggcaacgctgtgccttgggcaccatgcagtaacaaacggaacgatagtgaaaacaatcacaaatgaccgaattgaagttactaatgctactgagttggttcagaattcatcaataggtaaaatatgcaacagtcctcatcagatccttgatggagggaactgcacactaatagatgctctattgggggaccctcagtgtgacggctttcaaaataaggaatgggacctttttgttgaacgaagcagagccaacagcagctgttacccttatgatgtgccggattatgcctcccttaggtcactagttgcctcatccggaacactggagtttaaaaatgaaagcttcaattggaccggggtcaaacaaaacggaacaagttctgcgtgcaaaaggggatctagtagtagtttttttagtagattaaattggttgaccagcttaaacaacatatatccagcacagaacgtgactatgccaaacaaggaacaatttgacaaattgtacatttggggggttcaccacccggatacggacaagaaccaattctccctgtttgctcaatcatcaggaagaatcacagtatctaccaaaagaagccaacaagctgtaatcccaaatatcggatctagacccagagtaagggatatccctagcagaataagcatctattggacaatagtaaaaccgggagacatacttttgattaacagcacagggaatctaattgctcctaggggttacttcaaaatacgaagtgggaaaagctcaataatgagatcagacgcacccattggcaaatgtaagtctgaatgcatcactccaaatggaagcattcccaatgacaaaccgttccaaaatgtaaacaggatcacatacggggcctgtcccagatacgttaagcaaagcaccctgaaattggcaacaggaatgcgaaatgtacctgagaaacaaaccagaggcatatttggtgcaatagcgggtttcatagaaaatggatgggagggaatggtggatggttggtacggtttcaggcatcaaaattctgagggaagaggacaagcagcagatctcaaaagcactcaagcagcaatcgatcaaatcagtgggaagctgaatcgattgatcggaaaaaccaacgagaaattccatcagattgaaaaagaattctcagaagtagaaggaagagttcaagacctcgagaaatatgttgaggacactaaaatagatctctggtcatacaacgcggagcttcttgttgccctggagaaccaacatacgattgacctaactgactcagaaatgaacaagctgtttgaaaaaacaaagaagcaactgagggaaaatgctgaggatatgggaaatggttgtttcaaaatataccacaaatgtgacaatgcctgcataggatcaataagaaatgaaacttatgaccacaatgtgtacagggatgaagcattaaacaaccggttccagatcaagggagttgagctgaagtcaggatac
A/Oman/3011/2023,catttgtagctacagatgcagacacacaaaaaatacctggaaatgacaatagcacggcaacgctgtgccttgggcaccatgcagtaccaaacggaacgatagtgaaaacaatcacaaatgaccgaattgaagttactaatgctactgagttggttcagaattcatcaataggtaaaatatgcaacagtcctcatcagatccttgatggagggaactgcacactaatagatgctctattgggggaccctcagtgtgacgactttcaaaataaggaatgggacctttttgttgaacgaagcagagccaacagcagctgttacccttatgatgtgccggattatgcctcccttaggtcactagttgcctcatccggaacactggagtttaaaaatgaaagcttcaattggaccggagtcaaacaaaacggaacaagttctgcgtgcaaaaggggatctagtagtagtttttttagtagattaaattggttgaccagcttaaacaacatatatccagcacagaacgtgactatgccaaacaaggaacaatttgacaaattgtacatttggggggttcaccacccggatacggacaagaaccaattctccctgtttgctcaatcatcaggaagaatcacagtatctaccaaaagaagccaacaagctgtaatcccaaatatcggatctagacccagagtaagggatatccctagcagaataagcatctattggacaatagtaaaaccgggagacatacttttgattaacagcacagggaatctaattgctcctaggggttacttcaaaatacgaagtgggaaaagctcaataatgagatcagacgcacccattggcaaatgtaagtctgaatgcatcactccaaatggaagcattcccaatgacaaaccgttccaaaatgtaaacaggatcacatacggggcctgtcccagatacgttaagcaaagcaccctgaaattggcaacaggaatgcgaaatgtacctgagaaacaaaccagaggcatatttggtgcaatagcgggtttcatagaaaatggatgggagggaatggtggatggttggtacggtttcaggcatcaaaattctgagggaagaggacaagcagcagatctcaaaagcactcaagcagcaatcgatcaaatcagtgggaagctgaatcgattgatcggaaaaaccaacgagaaattccatcagattgaaaaagaattctcagaagtagaaggaagagttcaagacctcgagaaatatgttgaggacactaaaatagatctctggtcatacaacgcggagcttcttgttgccctggagaaccaacatacgattgacctaactgactcagaaatgaacaagctgtttgaaaaaacaaagaagcaactgagggaaaatgctgaggatatgggaaatggttgtttcaaaatataccacaaatgtgacaatgcctgcataggatcaataagaaatgaaacttatgaccacaatgtgtacagggatgaagcattaaacaacaggttccagatcaagggagttgagctgaagtcaggatac
A/SOUTH_AFRICA/R07876/202023,catttgtagctacagatgcagacacacaaaaaatacctggaaatgacaatagcacggcaactctgtgccttgggcaccatgcagtaccaaacggaacgatagtgaaaacaatcacaaatgaccgaattgaagttactaatgctactgagttggttcagaattcatcaataggtaaaatatgcaacagtcctcatcagatccttgatggagggaactgcacactaatagatgctctattgggggaccctcagtgtgacggctttcaaaataaggaatgggacctttttgttgaacgaagcagagccaacagcagctgttacccttatgatgtgccggattatgcctcccttaggtcactagttgcctcatccggaacactggagtttaaaaatgaaagcttcaattggaccggagtcaaacaaaacggaacaagttctgcgtgcaaaaggggatctagtagtagtttttttagtagattaaattggttgaccagcttaaacaacatatatccagcacagaacgtgactatgccaaacaaggaacaatttgacaaattgtacatttggggggttcaccacccggatacggacaagaaccaattctccctgtttgctcaatcatcaggaagaatcacagtatctaccaaaagaagccaacaagctgtaatcccaaatatcggatctagacccagagtaagggatatccctagcagaataagcatctattggacaatagtaaaatcgggagacatacttttgattaacagcacagggaatctaattgctcctaggggttacttcaaaatacgaagtgggaaaagctcaataatgagatcagacgcacccattggcaaatgtaagtctgaatgcatcactccaaatggaagcattcccaatgacaaaccgttccaaaatgtaaacaggatcacatacggggcctgtcccagatacgttaagcaaagcaccctgaaattggcaacaggaatgcgaaatgtccctgagaaacaaaccagaggcatatttggtgcaatagcgggtttcatagaaaatggatgggagggaatggtggatggttggtacggtttcaggcatcaaaattctgagggaagaggacaagcagcagatctcaaaagcactcaagcagcaatcgatcaaatcagtgggaagctgaatcgattgatcggaaaaaccaacgagaaattccatcagattgaaaaagaattctcagaagtagaaggaagagttcaagacctcgagaaatatgttgaggacactaaaatagatctctggtcatacaacgcggagcttcttgttgccctggagaaccaacatacgattgacctaactgactcagaaatgaacaagctgtttgaaaaaacaaagaagcaactgagggaaaatgctgaggatatgggaaatggttgtttcaaaatataccacaaatgtgacaatgcctgcataggatcaataagaaatgaaacttatgaccacaatgtgtacagggatgaagcattaaacaaccggttccagatcaagggagttgagctgaagtcaggatac
A/Bhutan/0845/2023,catttgtagctacagatgcagacacacaaaaaatacctggaaatgacaatagcacggcaacgctgtgccttgggcaccatgcagtaccaaacggaacggtagtgaaaacaatcacaaatgaccgaattgaagttactaatgctactgagttggttcagaattcatcaataggtaaaatatgcaacagtcctcatcagatccttgatggagggaactgcacactaatagatgctctattgggggaccctcagtgtgacggctttcaaaataaggaatgggacctttttgttgaacgaagcagagccaacagcagctgttacccttatgatgtgccggattatgcctcccttaggtcactagttgcctcatccggaacactggagtttaaaaatgaaagcttcaattggaccggagtcaaacaaaacggaacaagttctgcgtgcaaaaggggatctagtagtagtttttttagtagattaaattggttgaccagcttaaacaacatatatccagcacagaacgtgactatgccaaacaaggaacaatttgacaaattgtacatttggggggttcatcacccggatacggacaagaaccaattctccctgtttgctcaatcatcaggaagaatcacagtatctaccaaaagaagccaacaagctgtaatcccaaatattggatctagacccagagtaagggatatccctagcagaataagcatctattggacaatagtaaaaccgggagacatacttttgatcaacagcacagggaatctaattgctcctaggggttacttcaaaatacgaagtgggaaaagctcaataatgagatcagacgcacccattggcaaatgtaagtctgaatgcatcactccaaatggaagcattcccaatgacaaaccgttccaaaatgtaaacaggatcacatacggggcctgtcccagatacgttaagcaaagcaccctgaaattggcaacaggaatgcgaaatgtacctgagaaacaaaccagaggcatatttggtgcaatagcgggtttcatagaaaatggatgggagggaatgatggatggttggtacggtttcaggcatcaaaattctgagggaagaggacaagcagcagatctcaaaagcactcaagcagcaatcgatcaaatcagtgggaagctgaatcgattgatcggaaaaaccaacgagaaattccatcagattgaaaaagaattctcagaagtagaaggaagagttcaagaccttgagaaatatgttgaggacactaaaatagatctctggtcatacaacgcggagcttcttgttgccctggagaaccaacatacgattgacctaactgactcagaaatgaacaagctgtttgaaaaaacaaagaagcaactgagggaaaatgctgaggatatgggaaatggttgtttcaaaatataccacaaatgtgacaatgcctgcataggatcaataagaaatgaaacttatgaccacaatgtgtacagggatgaagcattaaacaaccggttccagatcaagggagttgagctgaagtcaggatac
A/Netherlands/01693/2023,catttgtagctacagatgcagacacacaaaaaatacctggaaatgacaatagcacggcaacgctgtgccttgggcaccatgcagtaccaaacggaacgatagtgaaaacaatcacaaatgaccgaattgaagttactaatgctactgagttggttcagaattcatcaataggtaaaatatgcaacagtcctcatcagatccttgatggagggaactgcacactaatagatgctctattgggggaccctcagtgtgacggctttcagaataaggaatgggacctttttgttgaacgaagcagagccaacagcagctgttacccttatgatgtgccggattatgcctcccttaggtcactagttgcctcatccggaacactggagtttaaagatgaaagcttcaattggaccggagtcaaacaaaacggaacaagttctgcgtgcaaaaggggatctagtagtagtttttttagtagattaaattggttgaccagcttaaacaacatatatccagcacagaacgtgactatgccaaacaaggaacaatttgacaaattgtacatttggggggttcatcatccggatacggacaagaaccaattctccctgtttgctcaatcatcaggaagaatcacagtatctaccaaaagaagccaacaagctgtaatcccaaatatcggatctagacccagagtaagggatatccctagcagaataagcatctattggacaatagtaaaaccgggagacatacttttgattaacagcacagggaatctaattgctcctaggggttacttcaaaatacgaagtgggaaaagctcaataatgagatcagacgcacccattggcgaatgtaagtctgaatgcatcactccaaatggaagcattcccaatgacaaaccgttccaaaatgtaaacaggatcacatacggggcctgtcccagatacgttaagcaaagcaccctgaaattggcaacaggaatgcgaaatgtacctgagaaacgaaccagaggcatatttggtgcaatagcgggtttcatagaaaatggatgggagggaatggtggatggttggtacggtttcaggcatcaaaattctgagggaagaggacaagcagcagatctcaaaagcactcaagcagcaatcgatcaaatcagtgggaagctgaatcgattgatcggaaaaaccaacgagaaattccatcagattgaaaaagaattctcagaagtagaaggaagagttcaagaccttgagaaatatgttgaggacactaaaatagatctctggtcatacaacgcggagcttcttgttgccctggagaaccaacatacgattgacctaactgactcagaaatgaacaagctgtttgaaaaaacaaagaagcaactgagggaaaatgctgaggatatgggaaatggttgtttcaaaatataccacaaatgtgacaatgcctgcataggatcaataagaaatgaaacttatgaccacaatgtgtacagggatgaagcattaaacaaccggttccagatcaagggagttgagctgaagtcaggatac
A/Bangkok/P3755/2023,catttgtagctacagatgcagacacacaaaaaatacctggaaatgacaatagcacggcaacgctgtgccttgggcaccatgcagtaccaaacggaacgatagtgaaaacaatcacaaatgaccgaattgaagttactaatgctactgagttggttcagaattcatcaataggtaaaatatgcaacagtcctcatcagatccttgatggagggaactgcacactaatagatgctctattgggggaccctcagtgtgacggctttcagaataaggaatgggacctttttgttgaacgaagcagagccaacagcagctgttacccttatgatgtgccggattatgcctcccttaggtcactagttgcctcatccggaacactggagtttaaagatgaaagcttcaattggaccggagtcaaacaaaacggaacaagttctgcgtgcaaaaggggatctaatagtagtttttttagtagattaaattggttgaccagcttaaacaacatatatccagcacagaacgtgactatgccaaacaaggaacaatttgacaaattgtacatttggggggttcatcatccggatacggacaagaaccaattctccctgtttgctcaatcatcaggaagaatcacagtatctaccaaaagaagccaacaagctgtaatcccaaatatcggatctagacccagagtaagggatatccctagcagaataagcatctattggacaatagtaaaaccgggagacatacttttgattaacagcacagggaatctaattgctcctaggggttacttcaaaatacgaagtgggaaaagctcaataatgagatcagacgcacccattggcgaatgtaagtctgaatgcatcactccaaatggaagcattcccaatgacaaaccgttccaaaatgtaaacaggatcacatacggggcctgtcccagatacgttaagcaaagcaccctgaaattggcaacaggaatgcgaaatgtacctgagaaacaaaccagaggcatatttggtgcaatagcgggtttcatagaaaatggatgggagggaatggtggatggttggtacggtttcaggcatcaaaattctgagggaagaggacaagcagcagatctcaaaagcactcaagcagcaatcgatcaaatcagtgggaagctgaatcgattgatcggaaaaaccaacgagaaattccatcagattgaaaaagaattctcagaagtagaaggaagagttcaagaccttgagaaatatgttgaggacactaaaatagatctctggtcatacaacgcggagcttcttgttgccctggagaaccaacatacgattgacctaactgactcagaaatgaacaagctgtttgaaaaaacaaagaagcaactgagggaaaatgctgaggatatgggaaatggttgtttcaaaatataccacaaatgtgacaatgcctgcataggatcaataagaaatgaaacttatgaccacaatgtgtacagggatgaagcattaaacaaccggttccagatcaagggagttgagctgaagtcaggatac
A/Krabi/THIS050/2023,catttgtagctacagatgcagacacacaaaaaatacctggaaatgacaatagcacggcaacgctgtgccttgggcaccatgcagtaccaaacggaacgatagtgaaaacaatcacaaatgaccgaattgaagttactaatgctactgagttggttcagaattcatcgataggtaaaatatgcaacagtcctcatcagatccttgatggagggaactgcacactaatagatgctctattgggggaccctcagtgtgacggctttcaaaataaggaatgggacctttttgttgaacgaagcagagccaacagcagctgttacccttatgatgtgccggattatgcctcccttaggtcactagttgcctcatccggaacactagagtttaaaaatgaaaacttcaattggaccggagtcaaacaaaacggaacaagttctgcgtgcaaaagaggatctagtaatagtttttttagtagattaaattggttgaccagcttaaacaacatatatccagcacagaacgtgactatgccaaacaaggaacaatttgacaaattgtacatttggggggttcaccacccggatacggacaagaaccaattctccctgtttgctcaatcatcaggaagaatcacagtatctaccaaaagaagccaacaagctgtaatcccaaatatcggatctagacccagagtaagggatatccctagcagaataagcatctattggacaatagtgaaaccgggagacatacttttgattaacagcacagggaatctaattgctcctaggggttacttcaaaatacgaagtgggaaaagctcaataatgagatcagacgcacccattggcaaatgtaagtctgaatgcatcactccaaatggaagcattcccaatgacaaaccgttccaaaatgtaaacaggatcacatacggggcctgtcccagatacgttaagcaaagtaccctgaaattggcaacaggaatgcgaaatgtacctgagaaacaaaccagaggcatatttggtgcaatagcgggtttcatagaaaatggatgggagggaatggtggatggttggtacggtttcaggcatcaaaattctgagggaagaggacaagcagcagatctcaaaagcactcaagcagcaatcgatcaaatcagtgggaagctgaatcgattgatcggaaaaaccaacgagaaattccatcagattgaaaaagaattctcagaagtagaaggaagagttcaagacctcgagaaatatgttgaggacactaaaatagatctctggtcatacaacgcggagcttcttgttgccctggagaaccaacatacgattgacctaactgactcagaaatgaacaagctgtttgaaaaaacaaagaagcaactgagggaaaatgctgaggatatgggaaatggttgtttcaaaatataccacgaatgtgacaatgcctgcataggatcaataagaaatgaaacttatgaccacaatgtgtacagggatgaagcattaaacaaccggttccagatcaagggagttgagctgaagtcaggatac
A/Netherlands/01685/2023,catttgtagctacagatgcagacacacaaaaaatacctgaaaatgacaatagcacggcaacgctgtgccttgggcaccatgcagtaccaaacggaacgatagtgaaaacaatcacaaatgaccgaattgaagttactaatgctactgagttggttcagaattcatcaataggtaaaatatgcaacagtcctcatcagatccttgatggagggaactgcacactaatagatgctctattgggggaccctcagtgtgacggctttcaaaataaggaatgggacctttttgttgaacgaagcagagccaacagcagctgttacccttatgatgtgccggattatgcctcccttaggtcactagttgcctcatccggaacactggagtttaaaaatgaaagcttcaattggaccggagtcaaacaaaacggaacaagttctgcgtgcaaaaggggatctagtagtagtttttttagtagattaaattggttgaccagcttaaacaacatatatccagcacagaacgtgactatgccaaacaaggaacaatttgacaaattgtacatttggggggttcaccacccggatacggacaagaaccaattctccctgtttgctcaatcatcaggaagaatcacagtatctaccaaaagaagccaacaagctgtaatcccaaatatcggatctagacccagagtaagggatatccctagcagaataagcatctattggacaatagtaaaaccgggagacatacttttgattaacagcacagggaatctaattgctcctagaggttacttcaaaatacgaagtgggaaaagctcaataatgagatcagacgcacccattggcaaatgtaagtctgaatgcatcactccaaatggaagcattcccaatgacaaaccgttccaaaatgtaaacaggatcacatacggggcctgtcccagatacgttaagcaaagcactctgaaattggcaacaggaatgcgaaatgtacctgagaaacaaaccagaggcatatttggtgcaatagcgggtttcatagaaaatggatgggagggaatggtggatggttggtacggtttcaggcatcaaaattctgagggaagaggacaagcagcagatctcaaaagcactcaagcagcaatcgatcaaatcagtgggaagctgaatcgattgatcggaaaaaccaacgagaaattccatcagattgaaaaagaattctcagaagtagaaggaagagttcaagaccttgagaaatatgttgaggacactaaaatagatctctggtcatacaatgcggagcttcttgttgccctggagaaccaacatacgattgacctaactgactcagaaatgaacaagctgtttgaaaaaacaaagaagcaactgagggaaaatgctgaggatatgggaaatggttgtttcaaaatataccacaaatgtgacaatgcctgcataggatcaataagaaatgaaacttatgaccacaatgtgtacagggatgaagcattaaacaaccggttccagatcaagggagttgagctgaagtcaggatac
A/Netherlands/01760/2023,catttgtagctacagatgcagacacacaaaaaatacctggaaatgacaatagcacggcaacgctgtgccttgggcaccatgcagtaccaaacggaacgatagtgaaaacaatcacaaatgaccgaattgaagttactaatgctactgagttggttcagaattcatcaataggtaaaatatgcaacagtcctcatcagatccttgatggaggggactgcacactaatagatgctctattgggggaccctcagtgtgacggctttcaaaataaggaatgggacctttttgttgaacgaagcagagccaacagcagctgttacccttatgatgtgccggattatgcctcccttaggtcactagttgcctcatccggaacactggagtttaaaaatgaaagcttcaattggaccggagtcaaacaaaacggaacaagttctgcgtgcaaaaggggatccagtagtagtttttttagtagattaaattggttgaccagcttaaacaacatatatccagcacagaacgtgactatgccaaacaaggaacaatttgacaaattgtacatttggggggttcaccacccggatacggacaagaaccaattctccctgtttgctcaatcatcaggaagaatcacagtatctaccaaaagaagccaacaagctgtaatcccaaatatcggatctagacccagagtaagggatatccctagcagaataagcatctattggacaatagtaaaaccgggagacatacttttgattaacagcacagggaatctaattgctcctagaggttacttcaaaatacgaagtgggaaaagctcaataatgagatcagacgcacccattggcaaatgtaagtctgaatgcatcactccaaatggaagcattcccaatgacaaaccgttccaaaatgtaaacaggatcacatacggggcctgtcccagatacgttaagcaaagcactctgaaattggcaacaggaatgcgaaatgtacctgagaaacaaaccagaggcatatttggtgcaatagcgggtttcatagaaaatggatgggagggaatgatggatggttggtacggtttcagacatcaaaattctgagggaagaggacaagcagcagatctcaaaagcactcaagcagcaatcgatcaaatcagtgggaagctgaatcgattgatcggaaaaaccaacgagaaattccatcagattgaaaaagaattctcagaagtagaaggaagagttcaagaccttgagaaatatgttgaggacactaaaatagatctctggtcatacaatgcggagcttcttgttgccctggagaaccaacatacgattgacctaactgactcagaaatgaacaagctgtttgaaaaaacaaagaagcaactgagggaaaatgctgaggatatgggaaatggttgtttcaaaatataccacaaatgtgacaatgcctgcataggatcaataagaaatgaaacttatgaccacaatgtgtacagggatgaagcattaaacaaccggttccagatcaagggagttgagctgaagtcaggatac
A/Chipata/15-NIC-001/2023,catttgtagctacagatgcagacacacaaaaaatacctggaaatgacaatagcacggcaacgctgtgccttgggcaccatgcagtaccaaacggaacgatagtgaaaacaatcacaaatgaccgaattgaagttactaatgctactgagttggttcagaattcatcaataggtaaaatatgcaacagtcctcatcagatccttgatggagggaactgcacactaatagatgctctattgggggaccctcagtgtgacggctttcaaaataaggaatgggacctttttgttgaacgaagcagagccaacagcagctgttacccttatgatgtgccggattatgcctcccttaggtcactagttgcctcatccggaacactggagtttaaaaatgaaagcttcaattggaccggggtcaaacaaaacggaacaagttctgcgtgcaaaaggggatctagtagtagtttttttagtagattaaattggttgaccagcttaaacaacatatatccagcacagaacgtgactatgccaaacaaggaacaatttgacaaattgtacatttggggggttcaccacccggatacggacaagaaccaattctccctgtttgctcaaccatcaggaagaatcacagtatctaccagaagaagccaacaagctgtaatcccaaatatcggatctagacccagagtaagggatatccctagcagaataagcatctattggacaatagtaaaaccgggagacatacttttgattaacagcacagggaatctaattgctcctaggggttacttcaaaatacgaagtgggaaaagctcaataatgagatcagacgcacccattggcaaatgtaagtctgaatgcatcactccaaatggaagcattcccaatgacaaaccgttccaaaatgtaaacaggatcacatacggggcctgtcccagatacgttaagcaaagcaccctgaaattggcaacaggaatgcgaaatgtacctgagaaacaaaccagaggcatatttggtgcaatagcgggtttcatagaaaatggatgggagggaatggtggatggttggtacggtttcaggcatcaaaattctgagggaagaggacaagcagcagatctcaaaagcactcaagcagcaatcgatcaaatcagtgggaagctgaatcgattgatcggaaaaaccaacgagaaattccatcagattgaaaaagaattctcagaagtagaaggaagagttcaagacctcgagaaatatgttgaggacactaaaatagatctctggtcatacaacgcggagcttcttgttgccctggagaaccaacatacgattgacctaactgactcagaaatgaacaagctgtttgaaaaaacaaagaagcaactgagggaaaatgctgaggatatgggaaatggttgtttcaaaatataccacaaatgtgacaatgcctgcataggatcaataagaaatgaaacttatgaccacaatgtgtacagggatgaagcattaaacaaccggttccagatcaagggagttgagctgaagtcaggatac
A/Malaysia/IMR-SARI1989/2023,catttgtagctacagatgcagacacacaaaaaatacctggaaatgacaatagcacggcaacgctgtgccttgggcaccatgcagtaccaaacggaacgatagtgaaaacaatcacaaatgaccgaattgaagttactaatgctactgagttggttcagaattcatcaataggtaaaatatgcaacagtcctcatcagatccttgatggagggaactgcacactaatagatgctctattgggggaccctcagtgtgacggctttcaaaataaggaatgggacctttttgttgaacgaagcagagccaacagcagctgttacccttatgatgtgccggattatgcctcccttaggtcactagttgcctcatccggaacactggagtttaaaaatgaaagcttcaattggaccggggtcaaacaaaacggaacaagttctgcgtgcaaaaggggatctagtagtagtttttttagtagattaaattggttgaccagcttaaacaacatatatccagcacagaacgtgactatgccaaacaaggaacaatttgacaaattgtacatttggggggttcaccacccggatacggacaagaaccaattctccctgtttgctcaaccatcaggaagaatcacagtatctaccaaaagaagccaacaagctgtaatcccaaatatcggatctagacccagagtaagggatatccctagcagaataagcatctattggacaatagtaaaaccgggagacatacttttgattaacagcacagggaatctaattgctcctaggggttacttcaaaatacgaagtgggaaaagttcaataatgagatcagacgcacccattggcaaatgtaagtctgaatgcatcactccaaatggaagcattcccaatgacaaaccgttccaaaatgtaaacaggatcacatacggggcctgtcccagatacgttaagcaaagcaccctgaaattggcaacaggaatgcgaaatgtacctgagaaacaaaccagaggcatatttggtgcaatagcgggtttcatagaaaatggatgggagggaatggtggatggttggtacggtttcaggcatcaaaattctgagggaagaggacaagcagcagatctcaaaagcactcaagcagcaatcgatcaaatcagtgggaagctgaatcgattgatcgggaaaaccaacgagaaattccatcagattgaaaaagaattctcagaagtagaaggaagagttcaagacctcgagaaatatgttgaggacactaaaatagatctctggtcatacaacgcggagcttcttgttgccctggagaaccaacatacgattgacctaactgactcagaaatgaacaagctgtttgaaaaaacaaagaagcaactgagggaaaatgctgaggatatgggaaatggttgtttcaaaatataccacaaatgtgacaatgcctgcataggatcaataagaaatgaaacttatgaccacaatgtgtacagggatgaagcattaaacaaccggttccagatcaagggagttgagctgaagtcaggatac
A/Singapore/NUH0526/2023,catttgtagctacagatgcagacacacaaaaaatacctggaaatgacaatagcacggcaacgctgtgccttgggcaccatgcagtaccaaacggaacgatagtgaaaacaatcacaaatgaccgaattgaagttactaatgctactgagttggttcagaattcatcaataggtaaaatatgcaacagtcctcatcagatccttgatggagggaactgcacactaatagatgctctattgggggaccctcagtgtgacggctttcaaaataaggaatgggacctttttgttgaacgaagcagagccaacagcagctgttacccttatgatgtgccggattatgcctcccttaggtcactagttgcctcatccggaacactggagtttaaaaatgaaagcttcaattggaccggagtcaaacaaaacggaacaagttctgcgtgcaaaaggggatctagtagtagtttttttagtagattaaattggttgaccagcttaaacaacatatatccagcacagaacgtgactatgccaaacaaggaacaatttgacaaattgtacatttggggggttcaccacccggatacggacaagaaccaattctccctgtttgctcaatcatcaggaagaatcacagtatctaccaaaagaagccaacaagctgtaatcccaaatatcggatctagacccagagtaagggatatccctagcagaataagcatctattggacaatagtaaaaccgggagacatacttttgattaacagcacagggaatctaattgctcctaggggttacttcaaaatacgaagtgggaaaagctcaataatgagatcagacgcacccattggcaaatgtaagtctgaatgcatcactccaaatggaagcattcccaatgacaaaccgttccaaaatgtaaacaggatcacatacggggcctgtcccagatacgttaagcaaagcaccctgaaattggcaacaggaatgcgaaatgtacctgagaaacaaaccagaggcatatttggtgcaatagcgggtttcatagaaaatggatgggagggaatggtggatggttggtacggtttcaggcatcaaaattctgagggaagaggacaagcagcagatctcaaaagcactcaagcagcaatcgatcaaatcagtgggaagctgaatcgattgatcggaaaaaccaacgagaaattccatcagattgaaaaagaattctcagaagtagaaggaagagttcaagacctcgagaaatatgttgaggacactaaaatagatctctggtcatacaacgcggagcttcttgttgccctggagaaccaacatacgattgacctaactgactcagaaatgaacaagctgtttgaaaaaacaaagaagcaactgagggaaaatgctgaggatatgggaaatggttgtttcaaaatataccacaaatgtgacaatgcctgcataggatcaataagaaatgaaacttatgaccacaatgtgtacagggatgaagcattaaacaaccggttccagatcaagggagttgagctgaagtcaggatac
A/Victoria/1033/2023,catttgtagctacagatgcagacacacaaaaaatacctggaaatgacaatagcacggcaacgctgtgccttgggcaccatgcagtaccaaacggaacgatagtgaaaacaatcacaaatgaccgaattgaagttactaatgctactgagttggttcagaattcatcaataggtaaaatatgcaacagtcctcatcagatccttgatggagggaactgcacactaatagatgctctattgggggaccctcagtgtgacggctttcaaaataaggaatgggacctttttgttgaacgaagcagagccaacagcagctgttacccttatgatgtgccggattatgcctcccttaggtcactagttgcctcatccggaacactggagtttaaaaatgaaagcttcaattggaccggagtcaaacaaaacggaacaagttctgcgtgcaaaaggggatctagtagtagtttttttagtagattaaattggttgaccagcttaaacaacatatatccagcacagaacgtgactatgccaaacaaggaacaatttgacaaattgtacatttggggggttcaccacccggatacggacaagaaccaattctccctgtttgctcaatcatcaggaagaatcacagtatctaccaaaagaagccaacaagctgtaatcccaaatatcggatctagacccagagtaagggatatccctagcagaataagcatctattggacaatagtaaaaccgggagacatacttttgattaacagcacagggaatctaattgctcctaggggttacttcaaaatacgaagtgggaaaagctcaataatgagatcagacgcacccattggcaaatgtgagtctgaatgcatcactccaaatggaagcattcccaatgacaaaccgttccaaaatgtaaacaggatcacatacggggcctgtcccagatacgttaagcaaagcaccctgaaattggcaacaggaatgcgaaatgtacctgagaaacaaaccagaggcatatttggtgcaatagcgggtttcatagaaaatggatgggagggaatggtggatggttggtacggtttcaggcatcaaaattctgagggaagaggacaagcagcagatctcaaaagcactcaagcagcaatcgatcaaatcagtgggaagctgaatcgattgatcggaaaaaccaacgagaaattccatcagattgaaaaagaattctcagaagtagaaggaagagttcaagacctcgagaaatatgttgaggacactaaaatagatctctggtcatacaacgcggagcttcttgttgccctggagaaccaacatacgattgacctaactgactcagaaatgaacaagctgtttgaaaaaacaaagaagcaactgagggaaaatgctgaggatatgggaaatggttgtttcaaaatataccacaaatgtgacaatgcctgcataggatcaataagaaatgaaacttatgaccacaatgtgtacagggatgaagcattaaacaaccggttccagatcaagggagttgagctgaagtcaggatac
A/Catalonia/NSVH102124476/2023,catttgtagctacagatgcagacacacaaaaaatacctggaaatgacaatagcacggcaacgctgtgccttgggcaccatgcagtaccaaacggaacgatagtgaaaacaatcacaaatgaccgaattgaagttactaatgctactgagttggttcagaattcatcaataggtaaaatatgcaacagtcctcatcagatccttgatggagggaactgcacactaatagatgctctattgggggaccctcagtgtgacggctttcaaaataaggaatgggacctttttgttgaacgaagcagagccaacagcagctgttacccttatgatgtgccggattatgcctcccttaggtcactagttgcctcatccggaacactggagtttaaaaatgaaagcttcaattggaccggagtcaaacaaaacggaacaagttctgcgtgcaaaaggggatctagtagtagtttttttagtagattaaattggttgaccagcttaaacaacatatatccagcacagaacgtgactatgccaaacaaggaacaatttgacaaattgtacatttggggggttcaccacccggatacggacaagaaccaattctccctgtttgctcaatcatcaggaagaatcacagtatctaccaaaagaagccaacaagctgtaatcccaaatatcggatctagacccagaataagggatatccctagcagaataagcatctattggacaatagtaaaaccgggagacatacttttgattaacagcacagggaatctaattgctcctaggggttacttcaaaatacgaagtgggaaaagctcaataatgagatcagacgcacccattggcaaatgtaagtctgaatgcatcactccaaatggaagcattcccaatgacaaaccgttccaaaatgtaaacaggatcacatacggggcctgtcccagatacgttaagcaaagcaccctgaaattggcaacaggaatgcgaaatgtacctgagaaacaaaccagaggcatatttggtgcaatagcgggtttcatagaaaatggatgggagggaatggtggatggttggtacggtttcaggcatcaaaattctgagggaagaggacaagcagcagatctcaaaagcactcaagcagcaatcgatcaaatcagtgggaagctgaatcgattgatcggaaaaaccaacgagaaattccatcagattgaaaaagaattctcagaagtagaaggaagagttcaagacctcgagaaatatgttgaggacactaaaatagatctctggtcatacaacgcggagcttcttgttgccctggagaaccaacatacgattgacctaactgactcagaaatgaacaagctgtttgaaaaaacaaagaagcaactgagggaaaatgctgaggatatgggaaatggttgtttcaaaatataccacaaatgtgacaatgcctgcataggatcaataagaaatgaaacttatgaccacaatgtgtacagggatgaagcattaaacaacaggttccagatcaagggagttgagctgaagtcaggatac
A/Sydney/749/2023,catttgtagctacagatgcagacacacaaaaaatacctggaaatgacaatagcacggcaacgctgtgccttgggcaccatgcagtaccaaacggaacgatagtgaaaacaatcacaaatgaccgaattgaagttactaatgctactgagttggttcagaattcatcaataggtaaaatatgcaacagtcctcatcagatccttgatggagggaactgcacactaatagatgctctattgggggaccctcagtgtgacggctttcaaaataaggaatgggacctttttgttgaacgaagcagagccaacagcagctgttacccttatgatgtgccggattatgtctcccttaggtcactagttgcctcatccggaacactggagtttaaaaatgaaagcttcaattggaccggagtcaaacaaaacggaacaagttctgcgtgcaaaaggggatctagtagtagtttttttagtagattaaattggttgaccagcttaaacaacatatatccagcacagaacgtgactatgccaaacaaggaacaatttgacaaattgtacatttggggggttcaccacccggatacggacaagaaccaattctccctgtttgctcaatcatcaggaagaatcacagtatctaccaaaagaagccaacaagctgtaatcccaaatatcggatctagacccagagtaagggatatccctagcagaataagcatctattggacaatagtaaaaccgggagacatacttttgattaacagcacagggaatctaattgctcctaggggttacttcaaaatacgaagtgggaaaagctcaataatgagatcagacgcacccattggcaaatgtaagtctgaatgcatcactccaaatggaagcattcccaatgacaaaccgttccaaaatgtcaacaggatcacatacggggcctgtcccagatacgttaagcaaagcaccctgaaattggcaacaggaatgcgaaatgtacctgagaaacaaaccagaggcatatttggtgcaatagcgggtttcatagaaaatggatgggagggaatggtggatggttggtacggtttcaggcatcaaaattctgagggaagaggacaagcagcagatctcaaaagcactcaagcagcaatcgatcaaatcagtgggaagctgaatcgattgatcggaaaaaccaacgagaaattccatcagattgaaaaagaattctcagaagtagaaggaagagttcaagacctcgagaaatatgttgaggacactaaaatagatctctggtcatacaacgcggagcttcttgttgccctggagaaccaacatacgattgacctaactgactcagaaatgaacaagctgtttgaaaaaacaaagaagcaactgagggaaaatgctgaggatatgggaaatggttgtttcaaaatataccacaaatgtgacaatgcctgcataggatcaataagaaatgaaacttatgaccacaatgtgtacagggatgaagcattaaacaaccggttccagatcaagggagttgagctgaagtcaggatac
A/Townsville/68/2023,catttgtagctacagatgcagacacacaaaaaatacctggaaatgacaacagcacggcaacgctgtgccttgggcaccatgcagtaccaaacggaacgatagtgaaaacaatcacaaatgaccgaattgaagttactaatgctactgagttggttcagaattcatcaataggtaaaatatgcaacagtcctcatcagatccttgatggagggaactgcacactaatagatgctctattgggggaccctcagtgtgacggctttcaaaataaggaatgggacctttttgttgaacgaagcagagccaacagcagctgttacccttatgatgtgccggattatgcctcccttaggtcactagttgcctcatccggaacactggagtttaaaaatgaaagcttcaattggaccggggtcaaacaaaacggaacaagttctgcgtgcaaaaggggatctagtagtagtttttttagtagattaaattggttgaccagcttaaacaacatatatccagcacagaacgtgactatgccaaacaaggaacaatttgacaaattgtacatttggggggttcaccacccggatacggacaagaaccaattctccctgtttgctcaatcatcaggaagaatcacagtatctaccaaaagaagccaacaagctgtaatcccaaatatcggatctagacccagagtaagggatatccctagcagaataagcatctattggacaatagtaaaaccgggagacatacttttgattaacagcacagggaatctaattgctcctaggggttacttcaaaatacgaagtgggaaaagctcaataatgagatcagacgcacccattgacaaatgtaagtctgaatgcatcactccaaatggaagcattcccaatgacaaaccgttccaaaatgtaaacaggatcacatacggggcctgtcccagatacgttaagcaaagcaccctgaaattggcaacaggaatgcgaaatgtacctgagaaacaaaccagaggcatatttggtgcaatagcgggtttcatagaaaatggatgggagggaatggtggatggttggtacggtttcaggcatcaaaattctgagggaagaggacaagcagcagatctcaaaagcactcaagcagcaatcaatcaaatcagtgggaagctgaatcgattgatcggaaaaaccaacgagaaattccatcagattgaaaaagaattctcagaagtagaaggaagagttcaagacctcgagaaatatgttgaggacactaaaatagatctctggtcatacaacgcggagcttcttgttgccctggagaaccaacatacgattgacctaactgactcagaaatgaacaagctgtttgaaaaaacaaagaagcaactgagggaaaatgctgaggatatgggaaatggttgtttcaaaatataccacaaatgtgacaatgcctgcataggatcaataagaaatgaaacttatgaccacaatgtgtacagggatgaagcattaaacaaccggttccagatcaagggagttgagctgaagtcaggatac
A/Sydney/710/2023,catttgtagctacagatgcagacacacaaaaaatacctggaaatgacaatagcacggcaacgctgtgccttgggcaccatgcagtaccaaacggaacgatagtgaaaacaatcacaaatgaccgaattgaagttactaatgctactgagttggttcagaattcatcaataggtaaaatatgcaacagtcctcatcagatccttgatggagggaactgcacactaatagatgctctattgggggaccctcagtgtgacggctttcaaaataaggaatgggacctttttgttgaacgaagcagagccaacagcagctgttacccttatgatgtgccggattatgcctcccttaggtcactagttgcctcatccggaacactggagtttaaaaatgaaagcttcaattggaccggggtcaaacaaaacggaacaagttctgcgtgcaaaaggggatctagtaatagtttttttagtagattaaattggttgaccagcttaaacaacatatatccagcacagaacgtgactatgccaaacaaggaacaatttgacaaattgtacatttggggggttcaccacccggatacggacaagaaccaattctccctgtttgctcaatcatcaggaagaatcacagtatctaccaaaagaagccaacaagctgtaatcccaaatatcggatctagacccagagtaagggatatccctagcagaataagcatctattggacaatagtaaaaccgggagacatacttttgattaacagcacagggaatctaattgctcctaggggttacttcaaaatacgaagtgggaaaagctcaataatgagatcagacgcacccattggcaaatgtaagtctgaatgcatcactccaaatggaagcattcccaatgacaaaccgttccaaaatgtaaacaggatcacatacggggcctgtcccagatacgttaagcaaagcaccctgaaattggcaacaggaatgcgaaatgtacctgagaaacaaaccagaggcatatttggtgcaatagcgggtttcatagaaaatggatgggaaggaatggtggatggttggtacggtttcaggcatcaaaattctgagggaagaggacaagcagcagatctcaaaagcactcaagcagcaatcgatcaaatcagtgggaagctgaatcgattgatcggaaaaaccaacgagaaattccatcagattgaaaaagaattctcagaagtagaaggaagagttcaagacctcgagaaatatgttgaggacactaaaatagatctctggtcatacaacgcggagcttcttgttgccctggagaaccaacatacgattgacctaactgactcagaaatgaacaagctgtttgaaaaaacaaagaagcaactgagggaaaatgctgaggatatgggaaatggttgtttcaaaatataccacaaatgtgacaatgtctgcataggatcaataagaaatgaaacttatgaccacaatgtgtacagggatgaagcattaaacaaccggttccagatcaagggagttgagctgaagtcaggatac
A/Sydney/332/2023,catttgtagctacagatgcagacacacaaaaaatacctggaaatgacaatagcacggcaacgctgtgccttgggcaccatgcagtaccaaacggaacgatagtgaaaacaatcacaaatgaccgaattgaagttactaatgctactgagttggttcagaattcatcaataggtaaaatatgcaacagtcctcatcagatccttgatggagggaactgcacactaatagatgctctattgggggaccctcagtgtgacggctttcaaaataaggaatgggacctttttgttgaacgaagcagagccaacagcagctgttacccttatgatgtgccggattatgcctcccttaggtcactagttgcctcatccgggacactggagtttaaagatgaaagcttcaattggaccggagtcaaacaaaacggaacaagttctgcgtgcaaaaggggatctagtagtagtttttttagtagattaaattggttgaccagcttaaacaacatatatccagcacagaacgtgactatgccaaacaaggaacaatttgacaaattgtacatttggggggttcatcatccggatacggacaagaaccaattctccctgtttgctcaatcatcaggaagaatcacagtatctaccaaaagaagccaacaagctgtaatcccaaatatcggatctagacccagagtaagggatatccctagcagaataagcatctattggacaatagtaaaaccgggagacatacttttgattaacagcacagggaatctaattgctcctaggggttacttcaaaatacgaagtgggaaaagctcaataatgagatcagacgcacccattggcaaatgtaagtctgaatgcatcactccaaatggaagcattcccaatgacaaaccgttccaaaatgtaaacaggatcacatacggggcctgtcccagatacgttaagcaaagcaccctgaaattggcaacaggaatgcgaaatgtacctgagaaacaaaccagaggcatatttggtgcaatagcgggtttcatagaaaatggatgggagggaatggtggatggttggtacggtttcaggcatcaaaattctgagggaagaggacaagcagcagatctcaaaagcactcaagcagcaatcgatcaaatcagtgggaagctgaatcgattgatcggaaaaaccaacgagaaattccatcagattgaaaaagaattctcagaagtagaaggaagagttcaagaccttgagaaatatgttgaggacactaaaatagatctctggtcatacaacgcggagcttcttgttgccctggagaaccaacatacgattgacctaactgactcagaaatgaacaagctgtttgaaaaaacaaagaagcaactgagggaaaatgctgaggatatgggaaatggttgtttcaaaatataccacaaatgtgacaatgcctgcataggatcaataagaaatgaaacttatgaccacaatgtgtacagggatgaagcattaaacaaccggttccagatcaagggagttgagctgaagtcaggatac
A/South_Africa/R05510/2023,catttgtagctacagatgcagacacacaaaaaatacctggaaatgacaatagcacggcaactctgtgccttgggcaccatgcagtaccaaacggaacgatagtgaaaacaatcacaaatgaccgaattgaagttactaatgctactgagttggttcagaattcatcaataggtaaaatatgcaacagtcctcatcagatccttgatggagggaactgcacactaatagatgctctattgggggaccctcagtgtgacggctttcaaaataaggaatgggacctttttgttgaacgaagcagagccaacagcagctgttacccttatgatgtgccggattatgcctcccttaggtcactagttgcctcatccggaacactggagtttaaaaatgaaagcttcaattggaccggagtcaaacaaaacggaacaagttctgcgtgcaaaaggggatctagtagtagtttttttagtagattaaattggttgaccagcttaaacaacatatatccagcacagaacgtgactatgccaaacaaggaacaatttgacaaattgtacatttggggggttcaccacccggatacggacaagaaccaattctccctgtttgctcaatcatcaggaagaatcacagtatctaccaaaagaagccaacaagctgtaatcccaaatatcggatctagacccagagtaagggatatccctagcagaataagcatctattggacaatagtaaaaccgggagacatacttttgattaacagcacagggaatctaattgctcctaggggttacttcaaaatacgaagtgggaaaagctcaataatgagatcagacgcacccattggcaaatgtaagtctgaatgcatcactccaaatggaagcattcccaatgacaaaccgttccaaaatgtaaacaagatcacatacggggcctgtcccagatacgttaagcaaagcaccctgaaattggcaacaggaatgcgaaatgtccctgagaaacaaaccagaggcatatttggtgcaatagcgggtttcatagaaaatggatgggagggaatggtggatggttggtacggtttcaggcatcaaaattctgagggaagaggacaagcagcagatctcaaaagcactcaagcagcaatcgatcaaatcagtgggaagctgaatcgattgatcggaaaaaccaacgagaaattccatcagattgaaaaagaattctcagaagtagaaggaagagttcaagacctcgagaaatatgttgaggacactaaaatagatctctggtcatacaacgcagagcttcttgttgccctggagaaccaacatacgattgacctaactgactcagaaatgaacaagctgtttgaaaaaacaaagaagcaactgagggaaaatgctgaggatatgggaaatggttgtttcaaaatataccacaaatgtgacaatgcctgcataggatcaataagaaatgaaacttatgaccacaatgtgtacagggatgaagcattaaacaaccggttccagatcaagggagttgagctgaagtcaggatac
A/SouthAfrica/PET28931/2023,catttgtagctacagatgcagacacacaaaaaatacctggaaatgacaatagcacggcaactctgtgccttgggcaccatgcagtaccaaacggaacgatagtgaaaacaatcacaaatgaccaaattgaagttactaatgctactgagttggttcagaattcatcaataggtaaaatatgcaacagtcctcatcagatccttgatggagggaactgcacactaatagatgctctattgggggaccctcagtgtgacggctttcaaaataaggaatgggacctttttgttgaacgaagcagagccaacagcagctgttacccttatgatgtgccggattatgcctcccttaggtcactagttgcctcatccggaacactggagtttaaaaatgaaagcttcaattggaccggagtcaaacaaaacggaacaagttctgcgtgcaaaaggggatctagtagtagtttttttagtagattaaattggttgaccagcttaaacaacatatatccagcacagaacgtgactatgccaaacaaggaacaatttgacaaattgtacatttggggggttcaccacccggatacggacaagaaccaattctccctgtttgctcaatcatcaggaagaatcacagtatctaccaaaagaagccaacaagctgtaatcccaaatatcggatctagacccagagtaagggatatccctagcagaataagcatctattggacaatagtaaaaccgggagacatacttttgattaacagcacagggaatctaattgctcctaggggttacttcaaaatacgaagtgggaaaagctcaataatgagatcagacgcacccattggcaaatgtaagtctgaatgcatcactccaaatggaagcattcccaatgacaaaccgttccaaaatgtaaacaggatcacatacggggcctgtcccagatacgttaagcaaagcaccctgaaattggcaacaggaatgcgaaatgtccctgagaaacaaaccagaggcatatttggtgcaatagcgggtttcatagaaaatggatgggagggaatggtggatggttggtacggtttcaggcatcaaaattctgagggaagaggacaagcagcagatctcaaaagcactcaagcagcaatcgatcaaatcagtgggaagctgaatcgattgatcggaaaaaccaacgagaaattccatcagattgaaaaagaattctcagaagtagaaggaagagttcaagacctcgagaaatatgttgaggacactaaaatagatctctggtcatacaacgcggagcttcttgttgccctggagaaccaacatacgattgacctaactgactcagaaatgaacaagctgtttgaaaaaacaaagaagcaactgagggaaaatgctgaggatatgggaaatggttgtttcaaaatataccacaaatgtgacaatgcctgcataggatcaataagaaatgaaacttatgaccacaatgtgtacagggatgaagcattaaacaaccggttccagatcaagggagttgagctgaagtcaggatac
A/South_Africa/R07188/2023,catttgtagctacagatgcagacacacaaaaaatacctggaaatgacaatagcacggcaactctgtgccttgggcaccatgcagtaccaaacggaacgatagtgaaaacaatcacaaatgaccgaattgaagttactaatgctactgagttggttcagaattcatcaataggtaaaatatgcaacagtcctcatcagatccttgatggagggaactgcacactaatagatgctctattgggggaccctcagtgtgacggctttcaaaataaggaatgggacctttttgttgaacgaagcagagccaacagcagctgttacccttatgatgtgccggattatgcctcccttaggtcactagttgcctcatccggaacactggagtttaaaaatgaaaacttcaattggaccggagtcaaacaaaacggaacaagttctgcgtgcaaaaggggatctagtagtagtttttttagtagattaaattggttgaccagcttaaacaacatatatccagcacagaacgtgactatgccaaacaaggaacaatttgacaaattgtacatttggggggttcaccacccggatacggacaagaaccaattctccctgtttgctcaatcatcaggaagaatcacagtatctaccaaaagaagccaacaagctgtaatcccaaatatcggatctagacccagagtaagggatatccctagcagaataagcatctattggacaatagtaaaaccgggagacatacttttgattaacagcacagggaatctaattgctcctaggggttacttcaaaatacgaagtgggaaaagctcaataatgagatcagacgcacccattggcaaatgtaagtctgaatgcatcactccaaatggaagcattcccaatgacaaaccgttccaaaatgtaaacaggatcacatacggggcctgtcccagatacgttaagcaaagcaccctgaaattggcaacaggaatgcgaaatgtccctgagaaacaaaccagaggcatatttggtgcaatagcgggtttcatagaaaatggatgggagggaatggtggatggttggtacggtttcaggcatcaaaattctgagggaagaggacaagcagcagatctcaaaagcactcaagcagcaatcgatcaaatcagtgggaagctgaatcgattgatcggaaaaaccaacgagaaattccatcagattgaaaaagaattctcagaagtagaaggaagagttcaagacctcgagaaatatgttgaggacactaaaatagatctctggtcatacaacgcggagcttcttgttgccctggagaaccaacatacgattgacctaactgactcagaaatgaacaagctgtttgaaaaaacaaagaagcaactgagggaaaatgctgaggatatgggaaatggttgtttcaaaatataccacaaatgtgacaatgcctgcataggatcaataagaaatgaaacttatgaccacaatgtgtacagggatgaagcattaaacaaccggttccagatcaagggagttgagctgaagtcaggatac
A/South_Africa/R06477/2023,catttgtagctacagatgcagacacacaaaaaatacctgtaaatgacaatagcacggcaactctgtgccttgggcaccatgcagtaccaaacggaacgatagtgaaaacaatcacaaatgaccgaattgaagttactaatgctactgagttggttcagaattcatcaataggtaaaatatgcaacagtcctcatcagatccttgatggagggaactgcacactaatagatgctctattgggggaccctcagtgtgacggctttcaaaataaggaatgggacctttttgttgaacgaagcagagccaacagcagctgttacccttatgatgtgccggattatgcctcccttaggtcactagttgcctcatccggaacactggagtttaaaaatgaaagcttcaattggaccggagtcaaacaaaacggaacaagttctgcgtgcaaaaggggatctagtagtagtttttttagtagattaaattggttgaccagcttaaacaacatatatccagcacagaacgtgactatgccaaacaaggaacaatttgacaaattgtacatttggggggttcaccacccggatacggacaagaaccaattctccctgtttgctcaatcatcaggaagaatcacagtatctaccaaaagaagccaacaagctgtaatcccaaatatcggatctagacccagagtaagggatatccctagcagaataagcatctattggacaatagtaaaaccgggagacatacttttgattaacagcacagggaatctaattgctcctaggggttacttcaaaatacgaagtgggaaaagctcaataatgagatcagacgcacccattggcaaatgtaagtctgaatgcatcactccaaatggaagcattcccaatgacaaaccgttccaaaatgtaaacaggatcacatacggggcctgtcccagatacgttaagcaaagcaccctgaaattggcaacaggaatgcgaaatgtccctgagaaacaaaccagaggcatatttggtgcaatagcgggtttcatagaaaatggatgggagggaatggtggatggttggtacggtttcaggcatcaaaattctgagggaagaggacaagcagcagatctcaaaagcactcaagcagcaatcgatcaaatcagtgggaagctgaatcgattgatcggaaaaaccaacgagaaattccatcagattgaaaaagaattctcagaagtagaaggaagagttcaagacctcgagaaatatgttgaggacactaaaatagatctctggtcatacaacgcggagcttcttgttgccctggagaaccaacatacgattgacctaactgactcagaaatgaacaagctgtttgaaaaaacaaagaagcaactgagggaaaatgctgaggatatgggaaatggttgtttcaaaatataccacaaatgtgacaatgcctgcataggatcaataagaaatgaaacttatgaccacaatgtgtacagggatgaagcattaaacaaccggttccagatcaagggagttgagctgaagtcaggatac
A/South_Africa/R06240/2023,catttgtagctacagatgcagacacacaaaaaatacctggaaatgacaatagcatggcaactctgtgccttgggcaccatgcagtaccaaacggaacgatagtgaaaacaatcacaaatgaccgaattgaagttactaatgctactgagttggttcagaattcatcaataggtaaaatatgcaacagtcctcatcagatccttgatggagggaactgcacactaatagatgctctattgggggaccctcagtgtgacggctttcaaaataaggaatgggacctttttgttgaacgaagcagagccaacagcagctgttacccttatgatgtgccggattatgcctcccttaggtcactagttgcctcatccggaacactggagtttaaaaatgaaagcttcaattggaccggagtcaaacaaaacggaacaagttctgcgtgcaaaaggggatctagtagtagtttttttagtagattaaattggttgaccagcttaaacaacatatatccagcacagaacgtgactatgccaaacaaggaacaatttgacaaattgtacatttggggggttcaccacccggatacggacaagaaccaattctccctgtttgctcaatcatcaggaagaatcacagtatctaccaaaagaagccaacaagctgtaatcccaaatatcggatctagacccagagtaagggatatccctagcagaataagcatctattggacaatagtaaaaccgggagacatacttttgattaacagcacagggaatctaattgctcctaggggttacttcaaaatacgaagtgggaaaagctcaataatgagatcagacgcacccattggcaaatgtaagtctgaatgcatcactccaaatggaagcattcccaatgacaaaccgttccaaaatgtaaacaggatcacatacggggcctgtcccagatacgttaagcaaagcaccctgaaattggcaacaggaatgcgaaatgtccctgagaaacaaaccagaggcatatttggtgcaatagcgggtttcatagaaaatggatgggagggaatggtggatggttggtacggtttcaggcatcaaaattctgagggaagaggacaagcagcagatctcaaaagcactcaagcagcaatcgatcaaatcagtgggaagctgaatcgattgatcggaaaaaccaacgagaaattccatcagattgaaaaagaattctcagaagtagaaggaagagttcaagaccttgagaaatatgttgaggacactaaaatagatctctggtcatacaacgcggagcttcttgttgccctggagaaccaacatacgattgacctaactgactcagaaatgaacaagctgtttgaaaaaacaaagaagcaactgagggaaaatgctgaggatatgggaaatggttgtttcaaaatataccacaaatgtgacaatgcctgcataggatcaataagaaatgaaacttatgaccacaatgtgtacagggatgaagcattaaacaaccggttccagatcaagggagttgagctgaagtcaggatac
A/Solwezi/13-NIC-001/2023,catttgtagctacagatgcagacacacaaaaaatacctggaaatgacaatagcacggcaacgctgtgccttgggcaccatgcagtaacaaacggaacgatagtgaaaacaatcacaaatgaccgaattgaagttactaatgctactgagttggttcagaattcatcaataggtaaaatatgcaacagccctcatcagatccttgatggagggaactgcacactaatagatgctctattgggggaccctcagtgtgacggctttcaaaataaggaatgggacctttttgttgaacgaagcagagccaacagcagctgttacccttatgatgtgccggattatgcctcccttaggtcactagttgcctcatccggaacactggagtttaaagatgaaagcttcaattggaccggagtcaaacaaaacggaacaagttctgcgtgcaaaaggggatctagtagtagtttttttagtagattaaattggttgaccagcttaaacaacatatatccagcacagaacgtgactatgccaaacaaggaacaatttgacaaattgtacatttggggggttcatcatccggatacggacaagaaccaattctccctgtttgctcaatcatcaggaagaatcacagtatctaccaaaagaagccaacaagctgtaatcccaaatatcggatctagacccagagtaagggatatccctagcagaataagcatctattggacaatagtaaaaccgggagacatacttttgattaacagcacagggaatctaattgctcctaggggttacttcaaaatacgaagtgggaaaagctcaataatgagatcagacgcacccattggcaaatgtaagtctgaatgcatcactccaaatggaagcattcccaatgacaaaccgttccaaaatgtaaacaggatcacatacggggcctgtcccagatacgttaagcaaagcaccctgaaattggcaacaggaatgcgaaatgtacctgagaaacaaaccagaggcatatttggtgcaatagcgggtttcatagaaaatggatgggagggaatggtggatggttggtacggtttcaggcatcaaaattctgagggaagaggacaagcagcagatctcaaaagcactcaagcagcaattgatcaaatcagtgggaagctgaatcgattgatcggaaaaaccaacgagaaattccatcagattgaaaaagaattctcagaagtagaaggaagagttcaagaccttgagaaatatgttgaggacactaaaatagatctctggtcatacaacgcggagcttcttgttgccctggagaaccaacatacgattgacctaactgactcagaaatgaacaagctgtttgaaaaaacaaagaagcaactgagggaaaatgctgaggatatgggaaatggttgtttcaaaatataccacaaatgtgacaatgcctgcataggatcaataagaaatgaaacttatgaccacaatgtgtacagggatgaagcattaaacaaccggttccagatcaagggagttgagctgaagtcaggatac
A/Sydney/715/2023,catttgtagctacagatgcagacacacaaaaaatacctggaaatgacaatagcacggcaacgctgtgccttgggcaccatgcagtaccaaacggaacgatagtgaaaacaatcacaaatgaccgaattgaagttactaatgctactgagttggttcagaattcatcaataggtaaaatatgcaacagtcctcatcagatccttgatggagggaactgcacactaatagatgctctattgggggaccctcagtgtgacggctttcaaaataaggaatgggacctttttgttgaacgaagcagagccaacagcagctgttacccttatgatgtgccgaattatgcatcccttaggtcactagttgcctcatccggaacactggagtttaaaaatgaaagcttcaattggaccggggtcaaacaaaacggaacaagttctgcgtgcaaaaggggatctagtagtagtttttttagtagattaaattggttgaccagcttaaacaacatatatccagcacagaacgtgactatgccaaacaaggaacaatttgacaaattgtacatttggggggttcaccacccggatacggacaagaaccaattctccctgtttgctcaatcatcaggaagaatcacagtatctaccaaaagaagccaacaagctgtaatcccaaatatcggatctagacccagagtaagggatatccctagcagaataagcatctattggacaatagtaaaaccgggagacatacttttgattaacagcacagggaatctaattgctcctaggggttacttcaaaatacgaagtgggaaaagctcaataatgagatcagacgcacccattggcaaatgcaagtctgaatgcatcactccaaatggaagcattcccaatgacaaaccgttccaaaatgtaaacaggatcacatacggggcctgtcccagatacgttaagcaaagcaccctgaaattggcaacaggaatgcgaaatgtacctgagaaacaaaccagaggcatatttggtgcaatagcgggtttcatagaaaatggatgggagggaatggtggatggttggtacggtttcaggcatcaaaattctgagggaagaggacaagcagcagatctcaaaagcactcaagcagcaatcgatcaaatcagtgggaagctgaatcgattgatcggaaaaaccaacgagaaattccatcagattgaaaaagaattctcagaagtagaaggaagagttcaagacctcgagaaatatgttgaggacactaaaatagatctctggtcatacaacgcggagcttcttgttgccctggagaaccaacatacgattgacctaactgactcagaaatgaacaagctgtttgaaaaaacaaagaagcaactgagggaaaatgctgaggatatgggaaatggttgtttcaaaatataccacaaatgtgacaatgcctgcataggatcaataagaaatgaaacttatgaccacaatgtgtacagggatgaagcattaaacaaccggttccagatcaaaggagttgagctgaagtcaggatac
A/Ontario/RV00796/2023,catttgtagctacagatgcagacacacaaaaaatacctggaaatgacaatagcacggcaacgctgtgccttgggcaccatgcagtaccaaacggaacgatagtgaaaacaatcacaaatgaccgaattgaagttactaatgctactgagttggttcagaattcatcaataggtaaaatatgcaacagtcctcatcagatccttgatggagggaactgcacactaatagatgctctattgggggaccctcagtgtgacggctttcagaataaggaatgggacctttttgttgaacgaagcagagccaacagcagctgttacccttatgatgtgccggattatgcctcccttaggtcactagttgcctcatccggaacactggagtttaaagatgaaagcttcaattggaccggagtcaaacaaaacggaacaagttctgcgtgcaaaaggggatctagtagtagtttttttagtagattaaattggttgaccagcttaaacaacatatatccagcacagaacgtgactatgccaaacaaggaacaatttgacaaattgtacatttggggggttcatcatccggatacggacaagaaccaattctccctgtttgctcaatcatcaggaagaatcacagtatctaccaaaagaagccaacaagctgtaatcccaaatatcggatctagacccagagtaagggatatccctagcagaataagcatctattggacaatagtaaaaccgggagacatacttttgattaacagcacagggaatctaattgctcctaggggttacttcaaaatacgaagtgggaaaagctcaataatgagatcagacgcacccattggcgaatgtaagtctgaatgcatcactccaaatggaagcattcccaatgacaaaccgttccaaaatgtaaacaggatcacatacggggcctgtcccagatacgttaagcaaagcaccctgaaattggcaacaggaatgcgaaatgtacctgagaaacaaaccagaggcatatttggtgcaatagcgggtttcatagaaaatggatgggagggaatggtggatggttggtacggtttcaggcatcaaaattctgagggaagaggacaagcagcagatctcaaaagcactcaagcagcaatcgatcaaatcagtgggaagctgaatcgattgatcggaaaaaccaacgagaaattccatcagattgaaaaagaattctcagaagtagaaggaagagttcaagaccttgagaaatatgttgaggacactaaaatagatctctggtcatacaacgcggagcttcttgttgccctggagaaccaacatacgattgacctaactgactcagaaatgaacaagctgtttgaaaaaacaaagaagcaactgagggaaaatgctgaggatatgggaaatggttgtttcaaaatataccacaaatgtgacaatgcctgcataggatcaataagaaatgaaacttatgaccacaatgtgtacagggatgaagcattaaacaaccggttccagatcaagggagttgagctgaagtcaggatac
A/Samut_Songkhram/THIS061/2023,catttgtagctacagatgcagacacacaaaaaatacctggaaatgacaatagcacagcaacgctgtgccttgggcaccatgcagtaccaaacggaacgatagtgaaaacaatcacaaatgaccgaattgaagttactaatgctactgagttggttcagaattcatcaataggtaaaatatgcaacagtcctcatcagatccttgatggagggaactgcacactaatagatgctctattgggggaccctcagtgtgacggctttcaaaataaggaatgggacctttttgttgaacgaagcagagccaacagcagctgttacccttatgatgtgccggattatgcctcccttaggtcactagttgcctcatccggaacactggagtttaaaaatgaaagcttcaattggaccggagtcaaacaaaacggaacaagttctgcgtgcaaaaggggatctagtagtagtttttttagtagattaaattggttgaccagcttaaacaacatatatccagcacagaacgtgactatgccaaacaaggaacaatttgacaaattgtacatttggggggttcaccacccggatacggacaagaaccaattctccctgtttgctcactcatcaggaagaatcacagtatctaccaaaagaagccaacaagctgtaatcccaaatatcggatctagaccccgagtaagggatatccctagcagaataagcatctattggacaatagtaaaaccgggagacatacttttgattaacagcacagggaatctaattgctcctaggggttacttcaaaatacgaagtgggaaaagctcaataatgagatcagacgcacccattggcaaatgtaagtctgaatgcatcactccaaatggaagcattcccaatgacaaaccgttccaaaatgtaaacagggtcacatacggggcctgtcccagatacgttaagcaaagcaccctgaaattggcaacaggaatgcgaaatgtacctgagaaacaaaccagaggcatatttggtgcaatagcgggtttcatagaaaatggatgggagggaatggtggatggttggtacggtttcaggcatcaaaattctgagggaagaggacaagcagcagatctcaaaagcactcaagcagcaatcgatcaaatcagtgggaagctgaatcgattgatcggaaaaaccaacgagaaattccatcagattgaaaaagaattctcagaagtagaaggaagagttcaagaccttgagaaatatgttgaggacactaaaatagatctctggtcatacaacgcggagctccttgttgccctggagaaccaacatacgattgacctaactgactcagaaatgaacaagctgtttgaaaaaacaaagaagcaactgagggaaaatgccgaggatatgggaaatggttgtttcaaaatataccacaaatgtgacaatgcctgcataggatcaataagaaatgaaacttatgaccacaatgtgtacagggatgaagcattaaacaaccggttccagatcaagggagttgagctgaagtcaggatac
A/Bangkok/P3599/2023,catttgtagctacagatgcagacacacaaaaaatacctggaaatgacaatagcacagcaacgctgtgccttgggcaccatgcagtaccaaacggaacgatagtgaaaacaatcacaaatgaccgaattgaagttactaatgctactgagttggttcagaattcatcaataggtaaaatatgcaacagtcctcatcagatccttgatggagggaactgcacactaatagatgctctattgggggaccctcagtgtgacggctttcaaaataaggaatgggacctttttgttgaacgaagcagagccaacagcagctgttacccttatgatgtgccggattatgcctcccttaggtcactagttgcctcatccggaacactggagtttaaaaatgaaagcttcaattggaccggagtcaaacaaaacggaacaagttctgcgtgcaaaaggggatctagtagtagtttttttagtagattaaattggttgaccagcttaaacaacatatatccagcacagaacgtgactatgccaaacaaggaacaatttgacaaattgtacatttggggggttcaccacccggatacggacaagaaccaattctccctgtttgctcactcatcaggaagaatcacagtatctaccaaaagaagccaacaagctgtaatcccaaatatcggatctagaccccgagtaagggatatccctagcagaataagcatctattggacaatagtaaaaccgggagacatacttttgattaacagcacagggaatctaattgctcctaggggttacttcaaaatacgaagtgggaaaagctcaataatgagatcagacgcacccattggcaaatgtaagtctgaatgcatcactccaaatggaagcattcccaatgacaaaccgttccaaaatgtaaacaggatcacatacggggcctgtcccagatacgttaagcaaagcaccctgaaattggcaacaggaatgcgaaatgtacctgagaaacaaaccagaggcatatttggtgcaatagcgggtttcatagaaaatggatgggagggaatggtggatggttggtacggtttcaggcatcaaaattctgagggaagaggacaagcagcagatctcaaaagcactcaagcagcaatcgatcaaatcagtgggaagctgaatcgattgatcgggaaaaccaacgagaaattccatcagattgaaaaagaattctcagaagtagaaggaagagttcaagaccttgagaaatatgttgaggacactaaaatagatctctggtcatacaacgcggagctccttgttgccctggagaaccaacatacgattgacctaactgactcagaaatgaacaagctgtttgaaaaaacaaagaagcaactgagggaaaatgccgaggatatgggaaatggttgtttcaaaatataccacaaatgtgacaatgcctgcataggatcaataagaaatgaaacttatgaccacaatgtgtacagggatgaagcattaaacaaccggttccagatcaagggagttgagctgaagtcaggatac
A/Guangdong-Futian/1980/2023,catttgtagctacagatgcagacacacaaaaaatacctggaaatgacaatagcacggcaacgctgtgccttgggcaccatgcagtaccaaacggaacgatagtgaaaacaatcacaaatgaccgaattgaagttactaatgctactgagttggttcagaattcatcaataggtaaaatatgcaacagtcctcatcagatccttgatggagggaactgcacactaatagatgctctattgggggaccctcagtgtgacggctttcaaaataaggaatgggacctttttgttgaacgaagcagagccaacagcagctgttacccttatgatgtgccggattatgcatcccttaggtcactaattgcctcatccggaacactggagtttaaaaatgaaagcttcaattggaccggggtcaaacaaaacggaacaagttctgcgtgcaaaaggggatctagtagtagtttttttagtagattaaattggttgaccagcttaaacaacatatatccagcacagaacgtgactatgccaaacaaggaacaatttgacaaattgtacatttggggggttcaccacccggatacggacaagaaccaattctccctgtttgctcaatcatcaggaagaatcacagtatctaccaaaagaagccaacaagctgtaatcccaaatatcggatctagacccagagtaagggatatccctagcagaataagcatctattggacaatagtaaaaccgggagacatacttttgattaacagcacagggaatctaattgctcctaggggttacttcaaaatacgaagtgggaaaagctcaataatgagatcagacgcacccattggcaaatgtaagtctgaatgcatcactccaaatggaagcattcccaatgacaaaccgttccaaaatgtaaacaggatcacatacggggcctgtcccagatacgttaagcaaagcaccctgaaattggcaacaggaatgcgaaatgtacctgagaaacaaaccagaggcatatttggtgcaatagcgggtttcatagaaaatggatgggagggaatggtggatggttggtacggtttcaggcatcaaaattctgagggaagaggacaagcagcagatctcaaaagcactcaagcagcaatcgatcaaatcagtgggaagctgaatcgattgatcggaaaaaccaacgagaaattccatcagattgaaaaagaattctcagaagtagaaggaagagttcaagacctcgagaaatatgttgaggacactaaaatagatctctggtcatacaacgcggagcttcttgttgccctggagaaccaacatacgattgacctaactgactcagaaatgaacaagctgtttgaaaaaacaaagaagcaactgagggaaaatgctgaggatatgggaaatggttgtttcaaaatataccacaaatgtgacaatgcctgcataggatcaataagaaatgaaacttatgaccacaatgtgtacagggatgaagcattaaacaaccggttccagatcaaaggagttgagctgaagtcaggatac
A/South_Africa/K056872/2023,catttgtagctacagatgcagacacacaaaaaatacctggaaatgacaatagcacggcaactctgtgccttgggcaccatgcagtaccaaacggaacgatagtgaaaacaatcacaaatgaccggattgaagttactaatgctactgagttggttcagaattcatcaataggtaaaatatgcaacagtcctcatcagatccttgatggagggaactgcacactaatagatgctctattgggggaccctcagtgtgacggctttcaaaataaggaatgggacctttttgttgaacgaagcagagccaacagcagctgttacccttatgatgtgccggattatgcctcccttaggtcactagttgcctcatccggaacactggaatttaaaaatgaaagcttcaattggatcggagtcaaacaaaacggaacaagttctgcgtgcaaaaggggatctagtagtagtttttttagtagattaaattggttgaccagcttgaacaacatatatccagcacagaacgtgactatgccaaacaaggaacaatttgacaaattgtacatttggggggttcaccacccggatacggacaagaaccaattctccctgtttgctcaatcatcaggaagaatcacagtatctaccaaaagaagccaacaagctgtaatcccaaatatcggatctagacccagagtaagggatatccctagcagaataagcatctattggacaatagtaaaaccgggagacatacttttgattaacagcacagggaatctaattgctcctaggggttacttcaaaatacgaagtgggaaaagctcaataatgagatcagacgcacccattggcaaatgtaagtctgaatgcatcactccaaatggaagcattcccaatgacaaaccgttccaaaatgtaaacaggatcacatacggggcctgtcccagatacgttaagcaaagcaccctgaaattggcaacaggaatgcgaaatgtccctgagaaacaaaccagaggcatatttggtgcaatagcgggtttcatagaaaatggatgggagggaatggtggatggttggtacggtttcaggcatcaaaattctgagggaagaggacaagcagcagatctcaaaagcactcaagcagcaatcgatcaaatcagtgggaagctgaatcgattgatcggaaaaaccaacgagaaattccatcagattgaaaaagaattctcagaagtagaaggaagagttcaagacctcgagaaatatgttgaggacactaaaatagatctctggtcatacaacgcggagcttcttgttgccctggagaaccaacatacgattgacctaactgactcagaaatgaacaagctgtttgaaaaaacaaagaagcaactgagggaaaatgctgaggatatgggaaatggttgtttcaaaatataccacaaatgtgacaatgcctgcataggatcaataagaaatgagacttatgaccacaatgtgtacagggatgaagcattaaacaaccggttccagatcaagggagttgagctgaagtcaggatac
A/South_Africa/KO56863/2023,catttgtagctacagatgcagacacacaaaaaatacctggaaatgacaatagcacggcaactctgtgcattgggcaccatgcagtaccaaacggaacgatagtgaaaacaatcacaaatgaccgaattgaagttactaatgctactgagttggttcagaattcatcaataggtaaaatatgcaacagtcctcatcagatccttgatggagggaactgcacactaatagatgctctattgggggaccctcagtgtgacggctttcaaaataaggaatgggacctttttgttgaacgaagcagagccaacagcagctgttacccttatgatgtgccggattatgcctcccttaggtcactagttgcctcatccggaacactggagtttaaaaatgaaagcttcaattggaccggagtcaaacaaaacggaacaagttctgcgtgcaaaaggggatctagtagtagtttttttagtagattaaattggttgaccagcttaaacaacatatatccagcacagaacgtgactatgccaaacaaggaacaatttgacaaattgtacatttggggggttcaccacccggatacggacaagaaccaattctccctgtttgctcaatcatcaggaagaatcacagtatctaccaaaagaagccaacaagctgtaatcccaaatatcggatctagacccagagtaagggatatccctagcagaataagcatctattggacaatagtaaaaccgggagacatacttttgattaacagcacagggaatctaattgctcctaggggttacttcaaaatacgaagtgggaaaagctcaataatgagatcagacgcacccattggcaaatgtaagtctgaatgcatcactccaaatggaagcattcccaatgacaaaccgttccaaaatgtaaacaggatcacatacggggcctgtcccagatacgttaagcaaagcaccctgaaattggcaacaggaatgcgaaatgtccctgagaaacaaaccagaggcatatttggtgcaatagcgggtttcatagaaaatggatgggagggaatggtggatggttggtacggtttcaggcatcaaaattctgagggaagaggacaagcagcagatctcaaaagcactcaagcagcaatcgatcaaatcagtgggaagctgaatcgattgatcggaaaaaccaacgagaaattccatcagattgaaaaagaattctcagaagtagaaggaagagttcaagacctcgagaaatatgttgaggacactaaaatagatctctggtcatacaacgcggagcttcttgttgccctagagaaccaacatacgattgacctaactgactcagaaatgaacaagctgtttgaaaaaacaaagaagcaactgagggaaaatgctgaggatatgggaaatggttgtttcaaaatataccacaaatgtgacaacgcctgcataggatcaataagaaatgaaacttatgaccacaatgtgtacagggatgaagcattaaacaaccggttccagatcaagggagttgagctgaagtcaggatac
A/Saskatchewan/SKFLU317847/2023,catttgtagctacagatgcagacacacaaaaaatacctggaaatgacaatagcacggcaacgctgtgccttgggcaccatgcagtaccaaacggaacgatagtgaaagcaatcacaaatgaccgaattgaagttactaatgctactgagttggttcagaattcatcaataggtaaaatatgcaacagtcctcatcagatccttgatggagggaactgcacactaatagatgctctattgggggaccctcagtgtgacggctttcaaaataaggaatgggacctttttgttgaacgaagcagagccaacagcagctgttacccttatgatgtgccggattatgcctcccttaggtcactagttgcctcatccggaacactggagtttaaaaatgaaagcttcaattggaccggagtcaaacaaaacggaacaagttctgcgtgcaaaaggggatctagtaatagtttttttagtagattaaattggttgaccagcttaaacaacatatatccagcacagaacgtgactatgccaaacaaggaacaatttgacaaattgtacatttggggggttcaccacccggatacggacaagaaccaattctccctgtttgctcaatcatcaggaagaatcacagtatctaccaaaagaagccaacaagctgtaatcccaaatatcggatctagacccagagtaagggatatccctagcagaataagcatctattggacaatagtaaaaccgggagacatacttttgattaacagcacagggaatctaattgctcctaggggttacttcaaaatacgaagtgggaaaagctcaataatgagatcagacgcacccattggcaaatgtaagtctgaatgcatcactccaaatggaagcattcccaatgacaaaccgttccaaaatgtaaacaggatcacatacggggcctgtcccagatacgttaagcaaagcaccctgaaattggcaacaggaatgcgaaatgtacctgagaaacaaaccagaggcatatttggtgcaatagcgggtttcatagaaaatggatgggagggaatggtggatggttggtacggtttcaggcatcaaaattctgagggaagaggacaagcagcagatctcaaaagcactcaagcagcaatcgatcaaatcagtgggaagctgaatcgattgatcggaaaaaccaacgagaaattccatcagattgaaaaagaattctcagaagtagaaggaagagttcaagacctcgagaaatatgttgaggacactaaaatagatctctggtcatacaacgcggagcttcttgttgccctggagaaccaacatacgattgacctaactgactcagaaatgaacaagctgtttgaaaaaacaaagaagcaactgagggaaaatgctgaggatatgggaaatggttgtttcaaaatataccacaaatgtgacaatgcctgcataggatcaataagaaatgaaacttatgaccacaatgtgtacagggatgaagcattaaacaaccggttccagatcaagggagttgagctgaagtcaggatac
A/Saint-Peter/RII-MH144113/2023,catttgtagctacagatgcagacacacaaaaaatacctggaaatgacaatagcacggcaacgctgtgccttgggcaccatgcagtaccaaacggaacgatagtgaaaacaatcacaaatgaccgaattgaagttactaatgctactgagttggttcagaattcatcaataggtaaaatatgcaacagtcctcatcagatccttgatggagggaactgcacactaatagatgctctattgggggatccccagtgtgacggctttcaaaataaggaatgggacctttttgttgaacgaagcagagccaacagcagctgttacccttatgatgtgccggattatgcctcccttaggtcactggttgcctcatccggaacactggagtttaaaaatgaaagcttcaattggaccggagtcaaacaaaacggaacaagttctgcgtgcaaaaggggatctagtagtagtttttttagtagattaaattggttgaccagcttaaacaacatatatccagcacagaacgtgactatgccaaacaaggaacgatttgacaaattgtacatttggggggttcaccacccggatacggacaagaaccaattctccctgtttgctcaatcatcaggaagaatcacagtatctaccaaaagaagccaacaagctgtaatcccaaatatcggatctagacccagagtaagggatatccctagcagaataagcatctattggacaatagtaaaaccgggagacatacttttgattaacagcacagggaatctgattgctcctaggggttacttcaaaatacgaagtgggaaaagctcaataatgagatcagacgcacccattggcgaatgtaagtctgaatgcatcactccaaatggaagcattcccaatgacaaaccgttccaaaatgtaaacaggatcacatacggggcctgtcccagatacgttaagcaaagcaccctgaaattggcaacaggaatgcgaaatgtgcctgagaaacaaaccagaggcatatttggcgcaatagcgggtttcatagaaaatggatgggagggaatggtggatggttggtacggtttcaggcatcaaaattctgaaggaagaggacaagcagcagatctcaaaagcactcaagcagcaatcgatcaaatcagtgggaaactgaatcgattgatcggaaaaaccaacgagaaattccatcagattgaaaaagaattctcagaagtagaaggaagagttcaagaccttgagaaatatgttgaggacactaaaatagatctctggtcatacaacgcggagcttcttgttgccctggagaaccaacatacgattgacctaactgactcagaaatgaacaaactgtttgaaaaaacaaagaagcaactgagggaaaatgctgaggatatgggaaatggttgtttcaaaatataccacaaatgtgacaatgcctgcataggatcaataagaaatgaaacttatgaccacaatgtgtacagagatgaagcattaaacaaccggttccagatcaagggagttgagctgaagtcaggatac
A/Finland/399/2023,catttgtagctacagatgcagacacacaaaaaatacctggaaatgacaatagcacggcaacgctgtgccttgggcaccatgcagtaccaaacggaacgatagtgaaaacaatcacaaatgaccgaattgaagttactaatgctactgagttggttcagaattcatcaataggtaaaatatgcaacagtcctcatcagatccttgatggagggaactgcacactaatagatgctctattgggggaccctcagtgtgacggctttcaaaataaggaatgggacctttttgttgaacgaagcagagccaacagcagctgttacccttatgatgtgccggattatgcctcccttaggtcactagttgcctcatccggaacactggagtttaaaaatgaaagcttcaattggaccggagtcaaacaaaacggaacaagttctgcgtgcataaggggatctagtagtagtttttttagtagattaaattggttgaccagcttaaacaacatatatccagcacagaacgtgaccatgccaaacaaggaacaatttgacaaattgtacatttggggggttcaccacccggatacggacaagaaccaattttccctgtttgctcaatcatcaggaagaatcacagtatctaccaaaagaagccaacaagctgtaatcccaaatatcggatctagacccagaataagggatatccctagcagaataagcatctattggacaatagtaaaaccgggagacatacttttgattaacagcacagggaatctaattgctcctaggggttacttcaaaatacgaagtgggaaaagctcaataatgagatcagacgcacccattggcaaatgtaagtctgaatgcatcactccaaatggaagcattcccaatgacaaaccgttccaaaatgtaaacaggatcacatacggggcctgtcctagatacgttaagcaaagcaccctgaaattggcaacaggaatgcgaaatgtacctgagaaacaaaccagaggcatatttggcgcaatagcgggtttcatagaaaatggatgggagggaatggtggatggttggtacggtttcaggcatcaaaattctgagggaagaggacaagcagcagatctcaaaagcactcaagcagcaatcgatcaaatcagtgggaagctaaatcgattgatcggaaaaaccaacgagaaattccatcagattgaaaaagaattctcagaagtggaaggaagagttcaagaccttgagaaatatgttgaggacactaaaatagatctctggtcatacaacgcggagcttcttgttgccctggagaaccaacatacgattgacctaactgactcagaaatgaacaaactgtttgaaaaaacaaaaaaacaactgagggaaaatgctgaggatatgggaaatggttgtttcaaaatataccacaaatgtgacaatgcctgcataggatcaataagaaatgaaacttatgaccacaatgtgtacagggatgaagcattaaacaaccgattccagatcaagggagttgagctgaagtcaggatac
A/SouthSudan/642/2023,catttgtagctacagatgcagacacacaaaaaatacctggaaatgacaatagcacggcaacgctgtgccttgggcaccatgcagtaccaaacggaacgatagtgaaaacaatcacaaatgaccgaattgaagttactaatgctactgagttggttcagaattcatcaataggtgaaatatgcaacagtcctcatcagatccttgatggagggaactgcacactaatagatgctctattgggggaccctcagtgtgacggctttcaaaataaggaatgggatctttttgttgaacgaagcagagccaacagcagctgttacccttatgatgtgccggactatgcctcccttaggtcactagttgcctcatccggcacactggagtttaaaaatgaaagcttcaattggaccggagtcaaacaaaacggaacaagttctgcgtgcataaggggatctagtagtagtttttttagtagattaaattggttgaccagcttaaacaacatatatccagcacagaacgtgactatgccaaacaaggaacaatttgacaaattgtacatttggggggttcaccacccggatacggacaagaaccaattctccctgtttgctcaatcatcaggaagaatcacagtatctaccaaaagaagccaacaagctgtaatcccaaatatcggatctagacccagaataagggatatccctagcagaataagcatctattggacaatagtaaaaccgggggacatacttttgattaacagcacagggaatctaattgctcctaggggttacttcaaaatacgaagtgggaaaagctcaataatgagatcagacgcacccattggcgaatgtaattctgaatgcatcactccaaatggaagcattctcaatgacaaaccgttccaaaatgtaaacaggatcacatacggggcctgtcccagatacgttaagcaaagcaccctgaaattggcaacaggaatgcgaaatgtaccagagaaacaaaccagaggcatatttggcgcaatagcgggtttcatagaaaatggatgggagggaatggtggatggttggtacggtttcaggcaccaaaattctgagggaagaggacaagcagcagatctcaaaagcactcaagcagcaatcgatcaaatcagtgggaagctgaatcgattgatcggaaaaaccaacgagaaattccatcagattgaaaaagagttctcagaagtagaaggaagagttcaagaccttgagaaatatgttgaggacactaaaatagatctctggtcatacaacgcggagcttcttgttgccctggagaaccaacatacaattgacctaactgactcagaaatgaacaaactgtttgaaaaaacaaagaagcaactgagggaaaatgctgaggatatgggaaatggttgtttcaaaatataccacaaatgtgacaatgcctgcataggatcaataagaaatgaaacttatgaccacaatgtgtacagggatgaagcattaaacaaccgattccagatcaagggagttgagctgaagtcaggatac
A/SouthSudan/631/2023,catttgtagctacagatgcagacacacaaaaaatacctggaaatgacaatagcacggcaacgctgtgccttgggcaccatgcagtaccaaacggaacgatagtgaaaacaatcacaaatgaccgaattgaagttactaatgctactgagttggttcagaattcatcaataggtgaaatatgcaacagtcctcatcagatccttgatggagggaactgcacactaatagatgctctattgggggaccctcagtgtgacggctttcaaaataaggaatgggatctttttgttgaacgaagcagagccaacagcagctgttacccttatgatgtgccggattatgcctcccttaggtcactagttgcctcatccggcacactggagtttaaaaatgaaagcttcaattggaccggagtcaaacaaaacggaacaagttctgcgtgcataaggggatctagtagtagtttttttagtagattaaattggttgaccagcttaaacaacatatatccagcacagaacgtgactatgccaaacaaggaacaatttgacaaattgtacatttggggggttcaccacccggatacggacaagaaccaattctccctgtttgctcaatcatcaggaagaatcacagtatctaccaaaagaagccaacaagctgtaatcccaaatatcggatctagacccagaataagggatatccctagcagaataagcatctattggacaatagtaaaaccgggagacatacttttgattaacagcacagggaatctaattgctcctaggggttacttcaaaatacgaagtgggaaaagctcaataatgagatcagacgcacccattggcgaatgtaagtctgaatgcatcactccaaatggaagcattcccaatgacaaaccgttccaaaatgtaaacaggatcacatacggggcctgtcccagatacgttaagcaaagcaccctgaaattggcaacaggaatgcgaaatgtaccagagaaacaaaccagaggcatatttggcgcaatagcgggtttcatagaaaatggatgggagggaatggtggatggttggtacggtttcaggcaccaaaattctgagggaagaggacaagcagcagatctcaaaagcactcaagcagcaatcgatcaaatcagtgggaagctgaatcgattgatcggaaaaaccaacgagaaattccatcagattgaaaaagaattctcagaagtagaaggaagagttcaagaccttgagaaatatgttgaggacactaaaatagatctctggtcatacaacgcggagcttcttgttgccctggagaaccaacatacgattgacctaactgactcagaaatgaacaaactgtttgaaaaaacaaagaagcaactgagggaaaatgctgaggatatgggaaatggttgtttcaaaatataccacaaatgtgacaatgcctgcataggatcaataagaaatgaaacttatgaccacaatgtgtacagggatgaagcattaaacaaccgattccagatcaagggagttgagctgaagtcaggatac
A/Catalonia/2041146NS/2023,catttgtagctacagatgcagacacacaaaaaatacctgggaatgacaatagcacggcaacgctgtgccttgggcaccatgcagtaccaaacggaacgatagtaaaaacaatcacaaatgaccgaattgaagttactaatgctactgagttggttcagaattcatcaataggtgaaatatgcaacagtcctcatcagatccttgatggagggaactgcacactaatagatgctctattgggggaccctcagtgtgacggctttcaaaataaggaatgggacctttttgttgaacgaagcagagccaacagcagctgttacccttatgatgtgccggattatgcctcccttaggtcactagttgcctcatccggcacactggagtttaaaaatgaaagcttcaattggaccggagtcaaacaaaacggaacaagttctgcgtgcatgaggggatctagtagtagtttttttagtagattaaattggttgaccagcttaaacaacatatatccagcacagaacgtgactatgccaaacaaggaacaatttgacaaattgtacatttggggggttcaccacccggatacggacaagaaccaattctccctgtttgctcaatcatcaggaagaatcacagtatctaccaaaagaagccaacaagctgtaatcccaaatatcggatctagacccagaataagggatatccctagcagaataagcatctattggacaatagtaaaaccgggagacatacttttgattaacagcacagggaatctaattgctcctaggggttacttcaaaatacgaagtgggaaaagctcaataatgagatcagacgcacccattggcaaatgtaagtctgaatgcatcactccaaatggaagcattcccaatgacaaaccgttccaaaatgtaaacaggatcacatacggggcctgtcccagatacgttaagcaaagcaccctgaaattggcaacaggaatgcgaaatgtaccagagaaacaaaccagaggcatatttggcgcaatagcgggtttcatagaaaatggatgggagggaatggtggatggttggtacggtttcaggcatcaaaattctgagggaagaggacaagcagcagatctcaaaagcactcaagcagcaatcgatcaaatcagtgggaagctgaatcgattgatcggaaaaaccaacgagaaattccatcagattgaaaaagaattctcagaagtagaaggaagagttcaagaccttgagaaatatgttgaggacactaaaatagatctctggtcatacaacgcggagcttcttgttgccctggagaaccaacatacgattgacctaactgactcagaaatgaacaaactgtttgaaaaaacaaagaagcaactgagggaaaatgctgaggatatgggaaatggttgtttcaaaatataccacaaatgtgacaatgcctgcataggatcaataagaaatgaaacttatgaccacaatgtgtacagggatgaagcattaaacaaccggttccagatcaagggagttgagctgaagtcaggatac
A/Bhutan/0006/2023,catttgtagctacagatgcagacacacaaaaaatacctggaaatgacaatagcacggcaacactgtgccttgggcaccatgcagtaccaaacggaacgatagtgaaaacaatcacaaatgaccgaattgaagttactaatgctactgagttggttcagaattcatcaacgggtgaaatatgcaacagtcctcatcagatccttgatggagggaactgcacactaatagatgctctattgggggaccctcagtgtgacggctttcaaaataaggaatgggacctttttgttgaacgaagcagagccaacagcagctgttacccttacgatgtgccggattatgcctcccttaggtcactagttgcctcatccggcacactggagtttaaaaatgaaagcttcaattggaccggagtcaaacaaaacggaacaagttctgcgtgcataaggggatctagtagtagtttttttagtagattaaattggttgaccagcttaaacaacatatatccagcacagaacgtgactatgccaaacaaggaacgatttgacaaattgtacatttggggggttcaccacccggatacggacaagaaccaattctccctgtttgctcaatcatcaggaagaatcacagtatctaccaaaagaagccaacaagctgtaatcccaaatatcggatctagacccagaataagggatatccctagcagaataagcatctattggacaatagtaaaaccgggagacatacttttgattaacagcacagggaatctaattgctcctaggggttacttcaaaatacgaagtgggaaaagttccataatgagatcagacgcacccattggcaaatgtaagtctgaatgcatcactccaaatggaagcattcccaatgacaaaccgttccaaaatgtaaacaggatcacatacggggcctgtcccagatatgttaagcaaagcaccctgaaattggcaacaggaatgcgaaatgtaccagagaaacaaaccagaggcatatttggcgcaatagcgggtttcatagaaaatggatgggagggaatggtggatggttggtacggtttcaggcatcaaaattctgagggaagaggacaagcagcagatctcaaaagcactcaagcagcaatcgatcaaatcagtgggaagctgaatcgattgattggaaaaaccaacgagaaattccatcagattgaaaaagaattctcagaagtagaaggaagagttcaagaccttgagaaatatgttgaggacactaaaatagatctctggtcatacaacgcggagcttcttgttgccctggagaaccaacatacgattgacctaactgactcagaaatgaacaaactgtttgaaaaaacaaagaaacaactgagggaaaatgctgaggatatgggaaatggttgtttcaaaatataccacaaatgtgacaatgcctgcataggatcaataagaaatgaaacttatgaccacaatgtgtacagggatgaagcattaaacaaccggttccagatcaagggagttgagctgaagtcaggatac
A/Bhutan/FLU-BTG-00988/2022,catttgtagctacagatgcagacacacaaaaaatacctggaaatgacaatagcacggcaacgctgtgccttgggcaccatgcagtaccaaacggaacgatagtaaaaacaatcacaaatgaccgaattgaagttactaatgcgactgagttggttcagaattcatcaataggtgaaatatgcaacagtcctcatcagatccttgatggagggaactgcacactaatagatgctctattgggggaccctcagtgtgacggctttcaaaataagaaatgggacctttttgttgaacgaagcagagccaacagcagctgttacccttatgatgtgccggattatgcctcccttaggtcactagttgcctcatccggcacactggagtttaaaaatgaaagcttcaattggaccggagtcaaacaaaacggaacaagttctgcgtgcatgaggggatctagtagtagtttttttagtagattaaattggttgaccagcttaaacaacatatatccagcacagaacgtgactatgccaaacaaggaacaatttgacaaattgtacatttggggggttcaccacccggatacggacaagaaccaattctccctgtttgctcaatcatcaggaagaatcacagtatctaccaaaagaagccaacaagctgtaatcccaaatatcggatctagacccagaataagggatatccctagcagaataagcatctattggacaatagtaaaaccgggagacatacttttgattaacagcacagggaatctaattgctcctaggggttacttcaaaatacgaagtgggaaaagctcaataatgagatcagacgcacccattggcaaatgtaaatctgaatgcatcactccaaatggaagcattcccaatgacaaaccgttccaaaatgtaaacaggatcacatacggggcctgtcccagatacgttaagcaaagcaccctgaaattggcaacaggaatgcgaaatgtaccagagaaacaaaccagaggcatatttggcgcaatagcgggtttcatagaaaatggatgggagggaatggtggatggttggtacggtttcaggcatcaaaattctgagggaagaggacaagcagcagatctcaaaagcactcaagcagcaatcgatcaaatcagtgggaagctgaatcgattgatcggaaaaaccaacgagaaattccatcagattgaaaaagaattctcagaagtagaaggaagagttcaagaccttgagaaatatgttgaggacactaaaatagatctctggtcatacaacgcggagcttcttgttgccctggagaaccaacatacgattgacctaactgacgcagaaatgaacaaactgtttgaaaaaacaaagaagcaactgagggaaaatgctgaggatatgggaaatggttgtttcaaaatataccacaaatgtgacaatgcctgcatgggatcaataagaaatgaaacttatgaccacaatgtgtacagggatgaagcattaaacaaccggttccagatcaaaggagttgagctgaagtcaggatac
A/Finland/391/2023,catttgtagctacagatgcagacacacaaaaaatacctggaaatgacaatagcacggcaacgctgtgccttgggcaccatgcagtaccaaacggaacgatagtgaaaacaatcacaaatgaccgaattgaagttactaatgctactgagttggttcagaattcatcaataggtgaaatatgcggcagtcctcatcagatccttgatggagggaactgcacactaatagatgctctattgggggacccccagtgtgacggctttcaaaataaggaatgggacctttttgttgaaagaagcagagccaacagcaactgttacccttatgatgtgccgggttatgcctcccttaggtcactagttgcctcatccggcacactggagtttaaaaatgaaagcttcaattggactggagtcaaacaaaacggaacaagttctgcgtgcaaaaggggatctagtagtagtttttttagtagattaaattggttgaccagcttaaacaacatatatccagcacagaacgtgactatgccaaacaaggaacaatttgacaaattgtacatttggggggttcaccacccggatacggacaagaaccaaatctccctgtttgctcaatcatcaggaagaatcacagtatctaccaaaagaagccaacaagctgtaatcccaaatatcggatctagacccagaataagggatatccctagcagaataagcatctattggacaatagtaaaaccgggagacatacttttgattaacagcacagggaatctaattgctcctaggggttacttcaaaatacgaagtgggaaaagctcaataatgagatcagatgcacccattggcagatgtaagtctgaatgcatcactccaaatggaagcattcccaatgacaaaccgttccaaaatgtaaacaagatcacatacggggcctgtcccagatatgttaagcaaagcaccctgaaattggcaacaggaatgcgaaatgtaccagagaaacaaaccagaggcatatttggcgcaatagcgggtttcatagaaaatggatgggagggaatggtggatggttggtacggtttcaggcatcaaaattctgagggaagaggacaagcagcagatctcaaaagcactcaagcagcaatcgatcaaatcaatgggaagctgaatcgattgatcggaaaaaccaacgagaaattccatcagattgaaaaagaattctcagaagtagaaggaagagttcaagaccttgagaaatatgttgaggacactaaaatagatctctggtcatacaacgctgagcttcttgttgccctggagaaccaacatacgattgacctaactgactcagaaatgaacaaactgtttgaaaaaacaaagaagcaactgagggaaaatgctgaggatatgggaaatggttgtttcaaaatataccacaaatgtgacaatgcctgcataggatcaataagaaatgaaacttatgaccacaatgtgtacagggatgaagcattaaacaaccggttccagatcaagggagttgagctgaagtcaggatac
A/KANAGAWA/IC2239/2023,catttgtagctacagatgcagacacacaaaaaatacctggaaatgacaatagcacggcaacgctgtgccttgggcaccatgcagtaccaaacggaacgatagtgaaaacaatcacaaatgaccgaattgaagttactaatgctactgagttggttcagaattcatcaataggtgaaatatgcggcagtcctcatcagatccttgatggagggaactgcacactaatagatgctctattgggggacccccagtgtgacggctttcaaaataaggaatgggacctttttgttgaaagaagcagagccaacagcaactgttacccttatgatgtgccgggttatgcctcccttaggtcactagttgcctcatccggcacactggagtttaaaaatgaaagcttcaattggactggagtcaaacaaaacggaacaagttctgcgtgcaaaaggggatctagtagtagtttttttagtagattaaattggttgaccagcttaaacaacatatatccagcacagaacgtgactatgccaaacaaggaacaatttgacaaattgtacatttggggggttcaccacccggatacggacaagaaccaaatctccctgtttgctcaatcatcaggaagaatcacagtatctaccaaaagaagccaacaagctgtaatcccaaatatcggatctagacccagaataagggatatccctagcagaataagcatctattggacaatagtaaaaccgggagacatacttttgattaacagcacagggaatctaattgctcctaggggttacttcaaaatacgaagtgggaaaagctcaataatgagatcagatgcacccattggcagatgtaagtctgaatgcatcactccaaatggaagcattcccaatgacaaaccgttccaaaatgtaaacaagatcacatacggggcctgtcccagatatgttaagcaaagcaccctgaaattggcaacaggaatgcgaaatgtaccagagagacaaaccagaggcatatttggcgcaatagcgggtttcatagaaaatggatgggagggaatggtggatggttggtacggtttcaggcatcaaaattctgagggaagaggacaagcagcagatctcaaaagcactcaagcagcaatcgatcaaatcaatgggaagctgaatcgattgatcggaaaaaccaacgagaaattccatcagattgaaaaagaattctcagaagtagaaggaagagttcaagaccttgagaaatatgttgaggacactaaaatagatctctggtcatacaacgctgagcttcttgttgccctggagaaccaacatacgattgacctaactgactcagaaatgaacaaactgtttgaaaaaacaaagaagcaactgagggaaaatgctgaggatatgggaaatggttgtttcaaaatataccacaaatgtgacaatgcctgcataggatcaataagaaatgaaacttatgaccacaatgtgtacagggatgaagcattaaacaaccggttccagatcaagggagttgagctgaagtcaggatac
A/South_Africa/R06359/2023,catttgtagctacagatgcagacacacaaaaaatacctggaaatgacaatagcacggcaacgctgtgccttgggcaccatgcagtaccaaacggaacgatagtgaaaacaatcacaaatgaccgaattgaagttactaatgctactgagttggttcagaattcatcaataggtgaaatatgcggcagccctcatcagatccttgatggagggaactgcacactaatagatgctctattgggggacccccagtgtgacggctttcaaaataaggaatgggacctttttgttgaaagaagcagagccaacagcaactgttacccttatgatgtgccgggttatgcctcccttaggtcactagttgcctcatccggcacactggagtttaaaaatgaaagcttcaattggactggagtcaaacaaaacggaacaagttctgcgtgcaaaaggggatctagtagtagtttttttagtagattaaattggttgaccagcttaaacaacatatatccagcacagaacgtgactatgccaaacaaggaacaatttgacaaattgtacatttggggggttcaccacccggatacggacaagaaccaaatctccctgtttgctcaatcatcaggaagaatcacagtatctaccaaaagaagccaacaagctgtaatcccaaatatcggatctagacccagaataagggatatccctagcagaataagcatctattggacaatagtaaaaccgggagacatacttttgattaacagcacagggaatctaattgctcctaggggttacttcaaaatacgaagtgggaaaagctcaataatgagatcagatgcacccattagcagatgtaagtctgaatgcatcactccaaatggaagcattcccaatgacaaaccgttccaaaatgtaaacaagatcacatacggggcctgtcccagatatgttaagcaaagcaccctgaaattggcaacaggaatgcgaaatgtaccagagaaacaaaccagaggcatatttggcgcaatagcgggtttcatagaaaatggatgggagggaatggtggatggttggtacggtttcaggcatcaaaattctgagggaagaggacaagcagcagatctcaaaagcactcaagcagcaatcgatcaaatcaatgggaagctgaatcgattgatcggaaaaaccaacgagaaattccatcagattgaaaaagaattttcagaagtagaaggaagagttcaagaccttgagaaatatgttgaggacactaaaatagatctctggtcatacaacgctgagcttcttgttgccctggagaaccaacatacgattgacctaactgactcagaaatgaacaaactgtttgaaaaaacaaagaagcaactgagggaaaatgctgaggatatgggaaatggttgtttcaaaatataccacaaatgtgacaatgcctgcataggatcaataagaaatgaaacttatgaccacaatgtgtacagggatgaagcattaaacaaccggttccagatcaagggagttgagctgaagtcaggatac
A/Brisbane/429/2023,catttgtagctacagatgcagacacacaaaaaatacctggaaatgacaatagcacggcaacgctgtgccttgggcaccatgcagtaccaaacggaacgatagtgaaaacaatcacaaatgaccgaattgaagttactaatgctactgagttggttcagaattcatcaataggtgaaatatgcggcagtcctcatcagatccttgatggagggaactgcacactaatagatgctctattgggggacccccagtgtgacggctttcaaaataaggaatgggacctttttgttgaaagaagcagagccaacagcaactgttacccttatgatgtgccgggttatgcctcccttaggtcactagttgcctcatccggcacactggagtttaaaaatgaaagcttcaattggactggagtcaaacaaaacggaacaagttctgcgtgcaaaaggggatctagtagtagtttttttagtagattaaattggttgaccagcttaaacaacatatatccagcacagaacgtgactatgccaaacaaggaacaatttgacaaattgtacatttggggggttcaccacccggatacggacaagaaccaaatctccctgtttgctcaatcatcaggaagaatcacagtatccaccaaaagaagccaacaagctgtaaccccaaatatcggatctagacccagaataagggatatccctagcagaataagcatctattggacaatagtaaaaccgggagacatacttttgattaacagcacagggaatctaattgctcctaggggttacttcaaaatacgaagtgggaaaagctcaataatgagatcagatgcacccattggcagatgtaagtctgaatgcatcactccaaatggaagcattcccaatgacaaaccgttccaaaatgtaaacaagatcacatacggagcctgtcccagatatgttaagcaaagcaccctgaaattggcaacaggaatgcgaaatgtaccagagaaacaaaccagaggcatatttggcgcaatagcgggtttcatagaaaatggatgggagggaatggtggatggttggtacggtttcagacatcaaaattctgagggaagaggacaagcagcagatctcaaaagcactcaagcagcaatcgatcaaatcaatgggaagctgaatcgattgatcggaaaaaccaacgagaaattccatcagattgaaaaagaattctcagaagtagaaggaagagttcaagaccttgagaaatatgttgaggacactaaaatagatctctggtcatacaacgctgagcttcttgttgccctggagaaccaacatacgattgacctaactgactcagaaatgaacaaactgtttgaaaaaacaaagaagcaactgagggaaaatgctgaggatatgggaaatggttgtttcaaaatataccacaaatgtgacaatgcctgcataggatcaataagaaatgaaacttatgaccacaatgtgtacagggatgaagcattaaacaaccggttccagatcaagggagttgagctgaagtcaggatac
A/KANAGAWA/AC2316/2023,catttgtagctacagatgcagacacacaaaaaatacctggaaatgacaatagcacggcaacgctgtgccttgggcaccatgcagtaccaaacggaacgatagtgaaaacaatcacaaatgaccgaattgaagttactaatgctactgagttggttcagaattcatcaataggtgaaatatgcggcagtcctcatcagatccttgatggagggaactgcacactaatagatgctctattgggggacccccagtgtgacggctttcaaaataaggaatgggacctttttgttgaaagaagcagagccaacagcaactgttacccttatgatgtgccgggttatgcctcccttaggtcactagttgcctcatccggcacactggagtttaaaaatgaaagattcaattggactggagtcaaacaaaacggaacaagttctgcgtgcaaaaggggatctagtagtagttttttcagtagattaaattggttgaccagcttaaacaacatatatccagcacagaacgtgactatgccaaacaaggaacaatttgacaaattgtacatttggggggttcaccacccggatacggacaagaaccaaatctccctgtttgctcaatcatcaggaagaatcacagtatctaccaaaagaagccaacaagctgtaatcccaaatatcggatctagacccagaataagggatatccctagcagaataagcatctattggacaatagtaaaaccgggagacatacttttgattaacagcacagggaatctaattgctcctaggggttacttcaaaatacgaagtgggaaaagctcaataatgagatcagatgcacccataggcagatgtaagtctgaatgcatcactccaaatggaagcattcccaatgacaaaccgtttcaaaatgtaaacaagatcacatacggggcctgtcccagatatgttaagcaaagcaccctgaaattggcaacaggaatgcgaaatgtaccagagaaacaaaccagaggcatatttggcgcaatagcgggtttcatagaaaatggatgggagggaatggtggatggttggtacggtttcaggcatcaaaattctgagggaagaggacaagcagcagatctcaaaagcactcaagcagcaatcgatcaaatcaatgggaagctgaatcgattgatcggaaaaaccaacgagaaattccatcagattgaaaaagaattctcagaagtagaaggaagagttcaagaccttgagaaatatgttgaggacactaaaatagatctctggtcatacaacgctgagcttcttgttgccctggagaaccaacatacgattgacctaactgactcagaaatgaacaaactgtttgaaaaaacaaagaagcaactgagggaaaatgctgaggatatgggaaatggttgtttcaaaatataccacaaatgtgacaatgcctgcataggatcaataagaaatgaaacttatgaccacaatgtgtacagggatgaagcattaaacaaccggttccagatcaagggagttgagctgaagtcaggatac
A/Busan/1301/2023,catttgtagctacagatgcagacacacaaaaaatacctggaaatgacaatagcacggcaacgctgtgccttgggcaccatgcagtaccaaacggaacgatagtgaaaacaatcacaaatgaccgaattgaagttactaatgctactgagttggttcagaattcatcaataggtgaaatatgcggcagtcctcatcagatccttgatggagggaactgcacactaatagatgctctattgggggaccctcagtgtgacggctttcaaaataaggaatgggacctttttgttgaaagaagcagagccaacagcaactgttacccttatgatgtgccggattatgcctcccttaggtcactagttgcctcatccggcacactggaatttaaaaatgaaagcttcaattggactggagtcaaacaaaacggaacaagttctgcgtgcataaggggatctagtagtagtttttttagtagattaaattggttgaccagcttaaacaacatatatccagcacagaacgtgactatgccaaacaaggaacaatttgacaaattgtacatttggggggttcaccacccggatacggacaaaaaccaaatctccctgtttgctcaatcatcaggaagaatcacagtatctaccaaaagaagccaacaagctgtaatcccaaatatcggatctagacccagaataagggatatccctagcagaataagcatctattggacaatagtaaaaccgggagacatacttttgattaacagcacagggaatctaattgctcctaggggttacttcaaaatacgaagtgggaaaagctcaataatgagatcagatgcacccattggcagatgtaagtctgaatgcatcactccaaatggaagcattcccaatgacaaaccgttccaaaatgtaaacaggatcacatacggggcctgtcccagatatgttaagcaaagcaccctgaaattggcaacaggaatgcgaaatgtaccagagaaacaaaccagaggcatatttggcgcaatagcgggtttcatagaaaatggatgggagggaatggtggatggttggtacggtttcaggcatcaaaattctgaaggaagaggacaagcagcagatctcaaaagcactcaagcagcaatcgatcaaatcaatgggaagctgaatcgattgatcggaaaaaccaacgagaaattccatcagattgaaaaagaattctcagaagtagaaggaagagttcaagaccttgagaaatatgttgaggacactaaaatagatctctggtcatacaacgctgagcttcttgttgccctggagaaccaacatacgattgacctaactgactcagaaatgaacaaactgtttgaaaaaacaaagaagcaactgagggaaaatgctgaggatatgggaaatggttgtttcaaaatataccacaaatgtgacaatgcctgcataggatcaataagaaatgagacttatgaccacaatgtgtacagggatgaagcattaaacaaccggttccagatcaagggagttgagctgaagtcaggatac
A/TECPAN/017FLU/2023,catttgtagctacagatgcagacacacaaaaaatacctggaaatgacaatagcacggcaacgctgtgccttgggcaccatgcagtaccaaacggaacgatagtgaaaacaatcacaaatgaccgaattgaagttactaatgctactgagttggttcagaattcatcaataggtaaaatatgcgacagtcctcatcagatccttgatggagggaactgcacactaatagatgctctattgggggaccctcagtgtgacggcgttcaaaataaggaatgggacctttttgttgaacgaagcagagccaacagcaactgttacccttatgatgtgccggattatgcctcccttagatcactagttgcctcatccggcacactggagtttaaaaatgaaagcttcaattggactggagtcaaacaaaacggaacaagttctgcgtgcaaaaggggatctagtagtagtttttttagtagattaaattggttgacccacttaaacaacatatatccagcacagaacgtgactatgccaaacaaggaacaatttgacaaattgtacatttggggggttcaccacccggatacggacaagaaccaaatctccctgttcgctcaatcatcagggagaatcacagtatctaccaaaagaagccaacaagctgtaatcccaaatatcggatctagacccagaataagggacattcctagcagaataagcatctattggacaatagtaaaaccgggagacatgcttttgattaacagcacagggaatctaattgctcctaggggttacttcaaaatacgaagtgggaaaagctcaataatgagatcagatgcacccattggcaaatgcaagtctgaatgcatcactccaaatggaagcattcccaatgacaaaccgttccaaaatgtaaacaggatcacatacggggcctgtcccagatatgttaagcaaagcaccctgaaattggcaacaggaatgcgaaatgtaccagagaaacaaaccagaggcatatttggcgcaatagcgggtttcatagaaaacggatgggagggaatgatggatggttggtacggtttcaggcatcaaaattctgagggaagaggacaagcagcagatctcaaaagcactcaagcagcaatcgatcaaatcaatgggaagctgaatcgattgatcggaaaaaccaacgagaaattccatcagattgaaaaagaattctcagaggtagaaggaagagttcaagaccttgagaaatatgttgaggacactaaaatagatctctggtcatacaacgcggagcttcttgttgccctggagaaccaacatacgattgacctaactgactcagaaatgaacaaactgtttgaaaaaacaaagaagcaactgagggaaaatgctgaggatatgggaaatggttgtttcaaaatataccacaaatgtgacaatgcctgcataggatcaataagaaatgaaacttatgaccacaatgtgtacagggatgaagcattaaacaaccggttccagatcaagggagttgagctgaagtcaggatac
A/EHIME/50/2023,catttgtagctacagatgcagacacacaaaaaatacctggaaacgacaatagcacggcaacgctgtgccttgggcaccatgcagtaccaaacggaacgatagtgaaaacaattacaaatgaccaaattgaagttactaatgctactgaattggttcagaattcatcaataggtaaaatatgcgacagtcctcatcagatccttgatggagggaactgcacactaatagatgctctattgggggaccctcagtgtgacggcgttcaaaataaggaatgggacctttttgttgaacgaagcagagccaacagcaactgttacccttatgaagtgccggattatgcctcccttaggtcactagttgcctcatccggcacactggagtttaaaaatgaaagcttcaattggactggagtcaaacaaaacggaacaagttctgcgtgcaaaaggggatctagtagtagtttttttagtagattaaattggttgacccacttaaacaacatatatccagcacagaacgtgactatgccaaacaaggaacaatttgacaaattgtacatttggggggttcaccacccggatacggacaagaaccaaatctccctgttcgcccaatcatcaggaagaatcacagtatctaccaaaagaagccaacaagctgtaatcccaaatatcggatctagacccagaataagggacattcctagcagaataagcatctattggacaatagtaaaaccgggagacatacttttgattaacagcacagggaatctaattgctcctaggggttacttcaaaatacgaaatgggaaaagctcaataatgagatcagatgcacccattggcaaatgcaagtctgaatgcatcactccaaatggaagcattcccaatgacaaaccgttccaaaatgtaaacaggatcacatacggggcctgtcccagatatgttaagcaaagcaccctgaaattggcaacaggaatgcgaaatgtaccagagaaacaaaccagaggcatatttggcgcaatagcgggtttcatagaaaatggatgggagggaatggtggatggttggtacggtttcaggcatcaaaattctgagggaagaggacaagcagcagatctcaaaagcactcaagcagcaatcgatcaaatcaatgggaagctgaatcgattgatcggaaaaaccaacgagaaattccatcagattgaaaaagaattctcagaggtagaaggaagagttcaagaccttgagaaatatgttgaggacactaaaatagatctctggtcatacaacgcggagcttcttgttgccctggagaaccaacatacgattgacttaactgactcagaaatgaacaaactgtttgaaaaaacaaagaagcaactgagggaaaatgctgaggatatgggaaatggttgtttcaaaatataccacaaatgtgacaatgcctgcataggatcaataagaaatgaaacttatgaccacaatgtgtacagggatgaagcattaaacaaccggttccagatcaagggagttgagctgaagtcaggatac
A/Romania/543634/2022,catttgtagctacagatgcagacacacaaaaaatacctggaaacgacaatagcacggcaacgctgtgccttgggcaccatgcagtaccaaacggaacgatagtgaaaacaatcacaaatgaccaaattgaagttactaatgctactgagttggttcagaattcatcaataggtaaaatatgcgacagtcctcatcagatccttgatggagggaactgcacactaatagatgctctattgggggaccctcagtgtgacggcgttcaaaataaggaatgggacctttttgttgaacgaagcagagccaacagcaactgttacccttatgatgtgccggattatgcctcccttaggtcactagttgcctcatccggcacactggagtttaaaaatgaaagcttcaattggactggagtcaaacaaaacggaacaagttctgcgtgcaaaaggggatctagtagtagtttttttagtagattaaattggttgacccacttaaacaacatatatccagcacagaacgtgactatgccaaacaaggaacaatttgacaaattgtacatttggggggttcaccacccggatacggacaagaaccaaatctccctgttcgcccaatcatcaggaagaatcacagtatctaccaaaagaagccaacaagctgtaatcccaaatatcggatctagacccagaataagggacattcctagcagaataagcatctattggacaatagtaaaaccgggagacatacttttgattaacagcacagggaatctaattgctcctaggggctacttcaaaatacgaagtgggaaaagctcaataatgagatcagatgcacccattggcaaatgcaagtctgaatgcatcactccaaatggaagcattcccaatgacaaaccgttccaaaatgtaaacaggatcacatacggggcctgtcccagatatgttaagcaaagcactctgaaattggcaacaggaatgcgaaatgtaccagagaaacaaaccagaggcatatttggcgcaatagcgggtttcatagaaaatggatgggagggaatggtggatggttggtacggtttcaggcatcaaaattctgagggaagaggacaagcagcagatctcaaaagcactcaagcagcaatcgatcaaatcaatgggaagctgaatcgattgatcggaaaaaccaacgagaaattccatcagattgaaaaagaattctcagaggtagaaggaagagttcaagaccttgagaaatatgttgaggacactaaaatagatctctggtcatacaacgcggagcttcttgttgccctggagaatcaacatacgattgacttaactgactcagaaatgaacaaactgtttgaaaaaacaaagaagcaactgagggaaaatgctgaggatatgggaaatggttgtttcaaaatataccacaaatgtgacaatgcctgcataggatcaataagaaatgaaacttatgaccacaatgtgtacagggatgaagcattaaacaaccggttccagatcaagggagttgagctgaagtcaggatac
A/YAMAGATA/98/2023,catttgtagctacagatgcagacacacaaaaaatacctgaaaacgacaatagcacggcaacgctgtgccttgggcaccatgcagtaccaaacggaacgatagtgaaaacaatcacaaatgaccgaattgaagttactaatgctactgagttggttcagaattcatcaataggtaaaatatgcgacagtcctcatcagatccttgatggagggaactgcacactaatagatgctctattgggggaccctcagtgtgacggcgttcaaaataaggaatgggacctttttgttgaacgaagcagagccaacagcaactgttacccttatgatgtgccggattatgcctcccttaggtcactagttgcctcatccggcacactggagtttaaaaatgaaagcttcaattggactggagtcaaacaaaacggagcaagttctgcgtgcaaaaggggatctagtagtagtttttttagtagattaaattggttgacccacttaaacaacatatatccagcacagaacgtgactatgccaaacaaggaacaatttgacaaattgtacatttggggggttcaccacccggatacggacaagaaccaaatctccctgttcgcccaatcatcaggaagaatcacagtatctaccaaaagaagccaacaagctgtaatcccaaatatcggatctagacccagaataagggacattcctagcagaataagcatctattggacaatagtaaaaccgggagacatacttttgattaacagcacagggaatctaattgctcctaggggttacttcaaaatacgaaatgggaaaagctcaataatgagatcagatgcacccattggcaaatgcaagtctgaatgcatcactccaaatggaagcattcccaatgacaaaccgttccaaaatgtaaacaggatcacatacggggcctgtcccagatatgttaagcaaagcaccctgaaattggcaacaggaatgcgaaatgtaccagagaaacaaaccagaggcatatttggcgcaatagcgggtttcatagaaaatggatgggagggaatggtggatggttggtacggtttcaggcatcaaaattctgagggaagaggacaagcagcagatctcaaaagcactcaagcagcaatcgatcaaatcaatgggaagctgaatcgattgatcggaaaaaccaacgagaaattccatcagattgaaaaagaattctcagaggtagaaggaagagttcaagaccttgagaaatatgttgaggacactaaaatagatctctggtcatacaacgcggagcttcttgttgccctggagaaccaacatacgattgacctaactgactcagaaatgaacaaactgtttgaaaaaacaaagaagcaactgagggaaaatgctgaggatatgggaaatggttgtttcaaaatataccacaaatgtgacaatgcctgcataggatcaataagaaatgaaacttatgaccacaatgtgtacagggatgaagcattaaacaaccggttccagatcaagggagttgagctgaagtcaggatac
A/Schleswig-Holstein/4/2023,catttgtagctacagatgcagacacacaaaaaatacctggaaacgacaatagcacggcaacgctgtgccttgggcaccatgcagtaccaaacggaacgatagtgaaaacaatcacaaatgaccaaattgaagttactaatgctactgagttggttcagaattcatcaataggtaaaatatgcgacagtcctcatcagatccttgatggagggaactgcacactaatagatgctctattgggggaccctcagtgtgacggcgttcaaaataaggaatgggacctttttgttgaacgaagcagagccaacagcaactgttacccttatgatgtgccggattatgcctcccttaggtcactagttgcctcatccggcacactggagtttaaaaatgaaagcttcaattggactggagtcaaacaaaacggaacaagttctgcgtgcaaaaggggatctagtagtagttttttcagtagattaaattggttgacccacttaaacaacatatatccagcacagaacgtgactatgccaaacaaggaacaatttgacaaattgtacatttggggggttcaccacccggatacggacaagaaccaaatctccctgttcgcccaatcatcaggaagaatcacagtatctaccaaaagaagccaacaagctgtaatcccaaatatcggatctagacccagaataagggacattcctagcagaataagcatctattggacaatagtaaaaccgggagacatacttttgattaacagcacagggaatctaattgctcctaggggttacttcaaaatacgaaatgggaaaagctcaataatgagatcagatgcacccattggcaaatgcaagtctgaatgcatcactccaaatggaagcattcccaatgacaaaccgttccaaaatgtaaacaggatcacatacggggcctgtcccagatatgttaagcaaagcaccctgaaattggcaacaggaatgcgaaatgtaccagagaaacaaaccagaggcatatttggcgcaatagcgggtttcatagaaaatggatgggagggaatggtggatggttggtacggtttcaggcatcaaaattctgagggaagaggacaagcagcagatctcaaaagcactcaagcagcaatcgatcaaatcaatgggaagctgaatcgattgatcggaaaaaccaacgagaaattccatcagattgaaaaagaattctcagaggtagaaggaagagttcaagaccttgagaaatatgttgaggacactaaaatagatctctggtcatacaacgcggagcttcttgttgccctggagaaccaacatacgattgacttaactgactcagaaatgaacaaactgtttgaaaaaacaaagaagcaactgagggaaaatgctgaggatatgggaaatggttgtttcaaaatataccacaaatgtgacaatgcctgcataggatcaataagaaatgaaacttatgaccacaatgtgtacagggatgaagcattaaacaaccggttccagatcaagggagttgagctgaagtcaggatac
A/SENDAI/45/2023,catttgtagctacagatgcagacacacaaaaaatacctggaaatgacaatagcacggcaacgctgtgccttgggcaccatgcagtaccaaacggaacgatagtgaaaacaatcacaaatgaccgaattgaagttactaatgctactgagttggttcagaattcatcaataggtaaaatatgcgacagtcctcatcagatccttgatggagggaactgcacactaatagatgctctattgggggaccctcagtgtgacggcgttcaaaataaggaatgggacctttttgttgaacgaagcagagccaacagcaactgctacccttatgatgtgccggattatgcctccctgaggtcactagttgcctcatccggcacactggagtttaaaaatgaaagcttcaattggactggagtcaaacaaaacggagcaagttctgcgtgcaaaaggggatctagtagtagtttttttagtagattaaattggttgacccacttaaacaacatatatccagcacagaacgtgactatgccaaacaaggaacaatttgacaaattgtacatttggggggttcaccacccggatacggacaagaaccaaatctccctgttcgcccaatcatcaggaagaatcacagtatctaccaaaagaagccaacaagctgtaatcccaaatatcggatctagacccagaataagggacattcctagcagaataagcatctattggacaatagtaaaaccgggagacatacttttgattaacagcacagggaatctaattgctcctagggggtacttcaaaatacgaaatgggaaaagctcaataatgagatcagatgcacccattggcaaatgcaagtctgaatgcatcactccaaatggaagcattcccaatgacaaaccgttccaaaatgtaaacaggatcacatacggggcctgtcccagatatgttaagcaaagcaccctgaaattggcaacaggaatgcgaaatgtaccagagaaacaaaccagaggcatctttggcgcaatagcgggtttcatagaaaatggatgggagggaatggtggatggttggtacggtttcaggcatcaaaattctgagggaagaggacaagcagcagatctcaaaagcactcaagcagcaatcgatcaaatcaatgggaagctgaatcgattgatcggaaaaaccaacgagaaattccatcagattgaaaaagaattctcagaggtagaaggaagagttcaagaccttgagaaatatgttgaggacactaaaatagatctctggtcatacaacgcggagcttcttgttgccctggagaaccaacatacgattgacctaactgactcagaaatgaacaaactgtttgaaaaaacaaagaagcaactgagggaaaatgctgaggatatgggaaatggttgtttcaaaatataccacaaatgtgacaatgcctgcataggatcaataagaaatgaaacttatgaccacaatgtgtacagagatgaagcattaaacaaccggttccagatcaagggagttgagctgaagtcaggatac
A/South_Africa/R06506/2023,catttgtagctacagatgcagacacacaaaaaatacctggaaatgacaatagcacggcaacgctgtgccttgggcaccatgcagtaccaaacggaacgatagtgaaaacaatcacaaatgaccgaattgaagttactaatgctactgagttggttcagaattcatcaataggtaaaatatgcgacagtcctcatcagatccttgatggagggaactgcacactaatagatgctctactgggggaccctcagtgtgacggcgttcaagataaggaatgggacctttttgttgaacgaagcagagccaacagtaactgttacccttatgatgtgccggattatgcctcccttaggtcactagttgcctcatccggcacactggagtttaaaaatgaaagcttcaattggactggagtcaaacaaaacggaacaagttctgcttgcaaaaggggatctagtagtagtttttttagtagattaaattggttgacccacttaaacaacatatatccagcacagaacgtgactatgccaaacaaggaacaatttgacaaattgtacatttggggggttcaccacccggatacggacaagaaccaaatctccctgttcgctcaatcatcaggaagaatcacagtatctaccaaaagaagccaacaagctgtaatcccaaatatcggatctagacccagaataagggacattcctagcagaataagcatctattggacaatagtaaaaccgggagacatgcttttgattaacagcacagggaatctaattgctcctaggggttacttcaaaatacgaagtgggaaaagctcaataatgagatcagatgcacccattggcaaatgcaagtctgaatgcatcactccaaatggaagcattcccaatgacaaaccgttccaaaatgtaaacaggatcacatacggggcctgtcccagatatgttaaacaaagcaccctgaaattggcaacaggaatgcgaaatgtaccagagaaacaaaccagaggcatatttggcgcaatagcgggtttcatagaaaacggatgggagggaatggtggatggttggtacggtttcaggcatcaaaattctgagggaagaggacaagcagcagatctcaaaagcactcaagcagcaatcgatcaaatcaatgggaagctgaatcgattgatcggaaaaaccaacgagaaattccatcagattgaaaaagaattctcagaggtagaaggaagagttcaagaccttgagaaatatgttgaggacactaaaatagatctctggtcatacaacgcggagcttcttgttgccctggagaaccaacatacgattgacctaactgactcagaaatgaacaaactgtttgaaaaaacaaagaagcaactgagggaaaatgctgaggatatgggaaatggttgtttcaaaatataccacaaatgtgacaatgcctgcataggatcaataagaaatgaaacttatgaccacaatgtatacagggatgaagcattaaacaaccggttccagatcaaaggagttgagctgaagtcaggatac
A/South_Africa/R05384/2023,catttgtagctacagatgcagacacacaaaaaatacctggaaatgacaatagcacggcaacgctgtgccttggacaccatgcagtaccaaacggaacgatagtgaaaacaatcacaaatgaccgaattgaagttactaatgctactgagttggttcagaattcatcaataggtaaaatatgcgacagtcctcatcagatccttgatggagggaactgcacactaatagatgctctactgggggaccctcagtgtgacggcgttcaaaataaggaatgggacctttttgttgaacgaagcagagccaacagtaactgttacccttatgatgtgccggattatgcctcccttaggtcactagttgcctcatccggcacactggagtttaaaaatgaaagcttcaattggactggagtcaaacaaaacggaacaagttctgcttgcaaaaggggatctagtagtagtttttttagtagattaaattggttgacccacttaaacaacatatatccagcacagaacgtgactatgccaaacaaggaactatttgacaaattgtacatttggggggttcaccacccggatacggacaagaaccaaatctccctgttcgctcaatcatcaggaagaatcacagtatctaccaaaagaagccaacaaactgtaatcccaaatatcggatctagacccagaataagggacattcctagcagaataagcatctattggacaatagtaaaaccgggagacatgcttttgattaacagcacagggaatctaattgctcctaggggttacttcaaaatacgaagtgggaaaagctcaataatgagatcagatgcacccattggcaaatgcaagtctgaatgcatcactccaaatggaagcattcccaatgacaaaccgttccaaaatgtaaacaggatcacatacggggcctgtcccagatatgttaaacaaagcaccctgaaattggcaacaggaatgcgaaatgtaccagagaaacaaaccagaggcatatttggcgcaatagcgggtttcatagaaaacggatgggagggaatggtggatggttggtacggtttcaggcatcaaaattctgagggaagaggacaagcagcagatctcaaaagcactcaagcagcaatcgatcaaatcaatgggaagctgaatcgattgatcggaaaaaccaacgagaaattccatcagattgaaaaagaattctcagaggtagaaggaagagttcaagaccttgagaaatatgttgaggacactaaaatagatctctggtcatacaacgcggagcttcttgttgccctggagaaccaacatacgattgacctaactgactcagaaatgaacaaactgtttgaaaaaacaaagaagcaactgagggaaaatgctgaggatatgggaaatggttgtttcaaaatataccacaaatgtgacaatgcctgcataggatcaataagaaatgaaacttatgaccacaatgtatacagggatgaagcattaaacaaccggttccagatcaagggagttgagctgaagtcaggatac
A/South_Africa/R07073/2023,catttgtagctacagatgcagacacacaaaaaatacctggaaatgacaatagcacggcaacgctgtgccttgggcaccatgcagtaccaaacggaacgatagtgaaaacaatcacaaatgaccgaattgaagttactaatgctactgagttggttcagaattcatcaataggtaaaatatgcaacagtcctcatcagatccttgatggaggaaactgcacactaatagatgctctactgggggaccctcagtgtgacggcgttcaaaataaggaatgggacctttttgttgaacgaagcagagccaacagtaactgttatccttatgatgtgccggattatgcctcccttaggtcactagttgcctcatccggcacactggagtttaaaaatgaaagcttcaattggactggagtcaaacaaaacggaacaagttctgcttgcaaaaggggatctagtagtagtttttttagtagattaaattggttgacccacttaaacaacatatatccagcacagaacgtgactatgccaaacaaggaacaatttgacaaattgtacatttggggggttcaccacccggatacggacaagaaccaaatctccctgttcgctcaatcatcaggaagaatcacagtatctaccaaaagaagccaacaagctgtaatcccaaatatcggatctagacccagaataagggacattcctagcagaataagcatctattggacaatagtaaaaccgggagacatgcttttgattaacagcacagggaatctaattgctcctaggggttacttcaaaatacgaagtgggaaaagctcaataatgagatcagatgcacccattggcaaatgcaagtctgaatgcatcactccaaatggaagcattcccaatgacaaaccgttccaaaatgtaaacaggatcacatacggggcctgtcccagatatgttaaacaaagcaccctgaaattggcaacaggaatgcgaaatgtaccagagaaacaaaccagaggcatatttggcgcaatagcgggtttcatagaaaacggatgggagggaatggtggatggttggtacggtttcaggcatcaaaattctgagggaagaggacaagcagcagatctcaagagcactcaagcagcaatcgatcaaatcaatgggaagctgaatcgattgatcggaaaaaccaacgagaaattccatcagattgaaaaagaattctcagaggtagaaggaagagttcaagaccttgagaaatatgttgaggacactaaaatagatctctggtcatacaacgcggagcttcttgttgccctggagaaccaacatacgattgacctaactgactcagaaatgaacaaactgtttgaaaaaacaaaaaagcaactgagggaaaatgctgaggatatgggaaatggttgtttcaaaatataccacaaatgtgacaatgcctgcataggatcaataagaaatgaaacttatgaccacaatgtatacagggatgaagcattaaacaaccggttccagatcaagggagttgagctgaagtcaggatac
A/Luga/RII-11393S/2023,catttgtagctacagatgcagacacacaaaaaatacctggaaacgacaatagcacggcaacgctgtgccttgggcaccatgcagtaccaaacggaacgatagtgaaaacaatcacaaatgaccgaattgaagttactaatgctactgagttggttcagaattcatcaataggtaaaatatgcgacagtcctcatcagatccttgatggagggaactgcacactaatagatgctctattgggggaccctcagtgtgacggcgttcaaaataaggaatgggacctttttgttgaacgaagcagagccaacagcaactgttacccttatgatgtgccggattatgcctcccttaggtcactagttgcctcatccggcacactggagttcaaaaatgaaagcttcaattggactggagtcaaacaaaacggagcaagttctgcgtgcaaaaggggatctagtagtagtttttttagtagattaaattggttgacccacttaaacaacatatatccagcacagaacgtgactatgccaaacaaggaacaatttgacaaattgtacatttggggggttcaccacccggatacggacaagaaccaaatctccctgttcgcccaatcatcaggaagaatcacagtatctaccaaaagaagccaacaagctgtaatcccaaatatcggatctagacccagaataagggacattcctagcagaataagcatctattggacaatagtaaaaccgggagacatacttttgattaacagcacagggaatctaattgctcctaggggttacttcaaaatacgaaatgggaaaagctcaataatgaaatcagatgcacccattggcaaatgcaagtctgaatgcatcactccaaatggaagcattcccaatgacaaaccgttccaaaatgtaaacaggatcacatacggggcctgtcccagatatgttaagcaaagcaccctgaaattggcaacaggaatgcgaaatgtaccagagaaacaaaccagaggcatatttggcgcaatagcgggtttcatagaaaatggatgggagggaatggtggatggttggtacggtttcaggcatcaaaattctgagggaagaggacaagcagcagatctcaaaagcactcaagcagcaatcgatcaaatcaatgggaagctgaatcgattgatcggaaaaaccaacgagaaattccatcagattgaaaaagaattctcagaggtagaaggaagagttcaagaccttgagaaatatgttgaggacactaaaatagatctctggtcatacaacgcggagcttcttgttgccctggagaaccaacatacgattgacctaactgactcagaaatgaacaaactgtttgaaaaaacaaagaagcaactgagggaaaatgctgaggatatgggaaatggttgtttcaaaatataccacaaatgtgacaatgcctgcataggatcaataagaaatgaaacttatgaccacaatgtgtacagggatgaagcattaaacaaccggttccagatcaagggagttgagctgaagtcaggatac
A/Surat_Thani/P152/2023,catttgtagctacagatgcagacacacaaaaaatacctggaaatggcaatagcacggcaacgctgtgccttgggcaccatgcagtaccaaacggaacgatagtgaaaacaatcacaaatgaccgaattgaagttactaatgctactgagttggttcagaattcatcaataggtaaaatatgcgacagtcctcatcagatccttgatggagggaactgcacactaatagatgctctattgggggaccctcagtgtgacggcgttcaaaataaggaatgggacctttttgttgaacgaagcagagccaacagcaactgttacccttatgatgtgccggattatgcctcccttaggtcactagttgcctcatccggcacactggagtttaaaaatgaaagcttcaattggactggagtcaaacaaaacggaacaagttctgcgtgcaaaaggggatctagtagtagtttttttagtagattaaattggttgacccatttaaacaacatatatccagcacaaaacgtgactatgccaaacaaggaacaatttgacaaattgtacatttggggggttcaccacccggatacagacaagaaccaaatctccctgttcgctcaatcatcaggaagaatcacagtatctaccaaaaggagccaacaagctgtaatcccaaatatcggatctagacccagaataagggacattcctagcagaataagcatctattggacaatagtaaaaccgggagacatacttttgattaacagcacagggaatctaattgctcctaggggttacttcaaaatacgaagtgggaaaagctcaataatgagatcagatgcacccattggcaaatgcaagtctgaatgcatcactccaaatggaagcattcccaatgacaaaccgttccaaaatgtaaacaggatcacatacggggcctgtcccagatatgttaagcaaagcaccctgaaattggcaacaggaatgcgaaatgtaccagagaaacaaaccagaggcatatttggcgcaatagcgggtttcatagaaaatggatgggagggaatggtggatggttggtacggtttcaggcatcaaaattctgagggaagaggacaagcagcagatctcaaaagcactcaagcagcaatcgatcaaatcaatgggaagctgaatcgattgatcggaaaaaccaacgagaaattccatcagattgaaaaagaattctcagaggtagaaggaagagttcaagaccttgagaaatatgttgaggacactaaaatagatctctggtcatacaacgcggagcttcttgttgccctggagaaccaacatacgattgacctaactgactcagaaatgaacaaactgtttgaaaaaacaaagaagcaactgagggaaaatgctgaggatatgggaaatggttgtttcaaaatataccacaaatgtgacaatgcctgcataggatcaataagaaatgaaacttatgatcacaatgtgtacagggatgaagcattaaacaaccggttccagatcaagggagttgagctgaagtcaggatac
A/Jeju/1047/2023,catttgtagctacagatgcagacacacaaaaaatacctggaaatgacaatagcacggcaacgctgtgccttgggcaccatgcagtaccaaacggaacgatagtgaaaacaatcacaaatgaccgaattgaagttactaatgctactgagttggttcagaattcatcaataggtaaaatatgcgacagtcctcatcagatccttgatggagggaactgcacactaatagatgctctattgggggaccctcagtgtgacggcgttcaaaataaggaatgggacctttttgttgaacgaagcagagccaacagcaactgttacccttatgatgtgccggattatgcctcccttaggtcactagttgcctcatccggcacactggagtttaaaaatgaaagcttcaattggactggagtcaaacaaaacggaacaagttctgcgtgcaaaaggggatctagtagtagtttttttagtagattaaattggttgacccacttaaacaacatatatccagcacaaaacgtgactatgccaaacaaggaacaatttgacaaattgtacatttggggggttcaccacccggatacagacaagaaccaaatctccctgttcgctcaatcatcaggaagaatcacagtatctaccaaaaggagccaacaagctgtaatcccaaatatcggatctagacccagaataagggacattcctagcagaataagcatctattggacaatagtaaaaccgggagacatacttttgattaacagcacagggaatctaattgctcctaggggttacttcaaaatacgaagtgggaaaagctcaataatgagatcagatgcacccattggcaaatgcaagtctgaatgcatcactccaaatggaagcattcccaatgacaaaccgttccaaaatgtaaacaggatcacatacggggcctgtcccagatatgttaagcaaagcaccctgaaattggcaacaggaatgcgaaatgtaccagagaaacagaccagaggcatatttggcgcaatagcgggtttcatagaaaatggatgggagggaatggtggatggttggtacggtttcaggcatcaaaattctgagggaagaggacaagcagcagatctcaaaagcactcaagcagcaatcgatcaaatcaatgggaagctgaatcgattgatcggaaaaaccaacgagaaattccatcagattgaaaaagaattctcagaggtagaaggaagagttcaagaccttgagaaatatgttgaggacactaaaatagatctctggtcatacaacgcggagcttcttgttgccctggagaaccaacatacgattgacctaactgactcagaaatgaacaaactgtttgaaaaaacaaagaagcaactgagggaaaatgctgaggatatgggaaatggttgtttcaaaatataccacaaatgtgacaatgcctgcataggatcaataagaaatgaaacttatgaccacaatgtgtacagggatgaagcattaaacaaccggttccagatcaagggagttgagctgaagtcaggatac
A/South_Dakota/22/2023,catttgtagctacagatgcagacacacaaaaaatacctggaaatgacaatagcacggcaacgctgtgccttgggcaccatgcagtaccaaacggaacgatagtgaaaacaatcacaaatgaccgaattgaagttactaatgctactgagttggttcagaattcatcaataggtaaaatatgcgacagtcctcatcagatccttgatggagggaactgcacactaatagatgctctattgggggaccctcagtgtgacggcgttcaaaataaggaatgggacctttttgttgaacgaagcagagccaacagcaactgttacccttatgaagtgccggattatgcctcccttaggtcactagttgcctcatccggcacactggagtttaaaaatgaaagcttcaattggactggagtcaaacaaaacggaacaagttctgcgtgcaaaaggggatctagtagtagtttttttagtagattaaattggttgacccacttaaacaacatatatccagcacaaaacgtgactatgccaaacaaggaacaatttgacaaattgtacatttggggggttcaccacccggatacagacaagaaccaaatctccctgttcgctcaatcatcaggaagaatcacagtatctaccaaaaggagccaacaagctgtaatcccaaatatcggatctagacccagaataagggacattcctagcagaataagcatctattggacaatagtaaaaccgggagacatacttttgattaacagcacagggaatctaattgctcctaggggttacttcaaaatacgaagtgggaaaagctcaataatgagatcagatgcacccattggcaaatgcaagtctgaatgcatcactccaaatggaagcattcccaatgacaaaccgttccaaaatgtaaacaggatcacatacggggcctgtcccagatatgttaagcaaagcaccctgaaattggcaacaggaatgcgaaatgtaccagagaaacagaccagaggcatatttggcgcaatagcgggtttcatagaaaatggatgggagggaatggtggatggttggtacggtttcaggcatcaaaattctgagggaagaggacaagcagcagatctcaaaagcactcaagcagcaatcgatcaaatcaatgggaagctgaatcgattgatcggaaaaaccaacgagaaattccatcagattgaaaaagaattctcagaggtagaaggaagagttcaagaccttgagaaatatgttgaggacactaaaatagatctctggtcatacaacgcggagcttcttgttgccctggagaaccaacatacgattgacctaactgactcagaaatgaacaaactgtttgaaaaaacaaagaagcaactgagggaaaatgctgaggatatgggaaatggttgtttcaaaatataccacaaatgtgacaatgcctgcataggatcaataagaaatgaaacttatgaccacaatgtgtacagggatgaagcattaaacaaccggttccagatcaagggagttgagctgaagtcaggatac
