group,serum,virus,replicate,titer,titer_bound,titer_as,nt50,midpoint,top,bottom,slope
SCH,SCH23_y2009_s009,A/SouthSudan/642/2023,plate32-GCTAATTCCAAAAGCG,40,upper,midpoint,40,40,0.9794,0,10
SCH,SCH23_y2009_s009,A/SouthSudan/642/2023,plate32-TCTTAACTACCCGATG,40,upper,midpoint,40,40,0.9452,0,2.238
SCH,SCH23_y2009_s009,A/SouthSudan/642/2023,plate32-AATCTTTCCAATCTTG,42.35,interpolated,midpoint,42.51,42.35,0.9814,0,10
SCH,SCH23_y2009_s009,A/Townsville/68/2023,plate32-ACAGTACAGATATGAC,42.39,interpolated,midpoint,42.4,42.39,0.9993,0,10
SCH,SCH23_y2009_s009,A/Townsville/68/2023,plate32-GTTATAGAGTGCTTAC,43.03,interpolated,midpoint,43.03,43.03,1,0,10
SCH,SCH23_y2009_s009,A/Townsville/68/2023,plate32-TCCCGAACTGAACGCG,59.02,interpolated,midpoint,59.53,59.02,0.9841,0,3.69
SCH,SCH23_y2009_s009,A/Saint-Petersburg/RII-166/2023,plate32-GCTTTTGAGAACCATT,40.3,interpolated,midpoint,40.3,40.3,1,0,10
SCH,SCH23_y2009_s009,A/Saint-Petersburg/RII-166/2023,plate32-ATAAAGAATCCCTTGA,42.38,interpolated,midpoint,42.61,42.38,0.9741,0,10
SCH,SCH23_y2009_s009,A/Saint-Petersburg/RII-166/2023,plate32-CCGGTTTTCGGGACCT,40.2,interpolated,midpoint,40.2,40.2,1,0,10
SCH,SCH23_y2009_s009,A/Bangkok/P3599/2023,plate32-GAAAGAAAGCTATATG,42.07,interpolated,midpoint,42.47,42.07,0.9767,0,4.994
SCH,SCH23_y2009_s009,A/Bangkok/P3599/2023,plate32-TTACATTTTTAGAATT,40,upper,midpoint,40,40,1,0,0.9158
SCH,SCH23_y2009_s009,A/Bangkok/P3599/2023,plate32-AGGTGCGAGCCATCAG,56.98,interpolated,midpoint,57.24,56.98,0.9904,0,4.399
SCH,SCH23_y2009_s009,A/Sydney/710/2023,plate32-CTTGTAAAACTATGAT,40,upper,midpoint,40,40,1,0,10
SCH,SCH23_y2009_s009,A/Sydney/710/2023,plate32-GCCGTAGCGAAATCTT,40.87,interpolated,midpoint,40.87,40.87,1,0,10
SCH,SCH23_y2009_s009,A/Sydney/710/2023,plate32-TGATCCGCAAGCTTAG,42.07,interpolated,midpoint,42.13,42.07,0.9926,0,10
SCH,SCH23_y2009_s009,A/Victoria/1033/2023,plate32-AACGACAACCATGAAT,40,upper,midpoint,40,40,0.9973,0,10
SCH,SCH23_y2009_s009,A/Victoria/1033/2023,plate32-TCTTACATTGAAAGGC,41.52,interpolated,midpoint,41.59,41.52,0.992,0,10
SCH,SCH23_y2009_s009,A/Victoria/1033/2023,plate32-ATCGATTCGATTGACG,43,interpolated,midpoint,43.3,43,0.9789,0,6.263
SCH,SCH23_y2009_s009,A/Ontario/RV00796/2023,plate32-TACCATTTTGGTCCGC,41.01,interpolated,midpoint,41.02,41.01,0.9986,0,10
SCH,SCH23_y2009_s009,A/Ontario/RV00796/2023,plate32-TCCAAACAGCGTTAAA,43.21,interpolated,midpoint,43.35,43.21,0.9909,0,5.48
SCH,SCH23_y2009_s009,A/Ontario/RV00796/2023,plate32-TGGCTAGCGCACACCA,41.86,interpolated,midpoint,42.05,41.86,0.9782,0,10
SCH,SCH23_y2009_s009,A/SOUTHAFRICA/R07876/202023,plate32-AGACTGTACGCGACAG,42.49,interpolated,midpoint,42.65,42.49,0.9815,0,10
SCH,SCH23_y2009_s009,A/SOUTHAFRICA/R07876/202023,plate32-TGATTCGTCAATTCAT,44.22,interpolated,midpoint,44.29,44.22,0.9931,0,10
SCH,SCH23_y2009_s009,A/SOUTHAFRICA/R07876/202023,plate32-CTACTAGAGCAGCGAG,41.76,interpolated,midpoint,41.82,41.76,0.9926,0,10
SCH,SCH23_y2009_s009,A/Maldives/852/2023,plate32-GGGTGCAATGAATCCA,40,upper,midpoint,40,40,0.9717,0,10
SCH,SCH23_y2009_s009,A/Maldives/852/2023,plate32-AAGCTAATCGTAGTCC,40,upper,midpoint,40,40,0.9729,0,10
SCH,SCH23_y2009_s009,A/Maldives/852/2023,plate32-CAGCCGCTAAAATGAT,41.27,interpolated,midpoint,41.5,41.27,0.9736,0,10
SCH,SCH23_y2009_s009,A/SouthAfrica/R05384/2023,plate32-TTACGTCAATGTTTGA,40,upper,midpoint,40,40,0.9915,0,10
SCH,SCH23_y2009_s009,A/SouthAfrica/R05384/2023,plate32-CTTACAAAGGTAATTC,40,upper,midpoint,40,40,1,0,10
SCH,SCH23_y2009_s009,A/SouthAfrica/R05384/2023,plate32-TTTATGCCGATAGAGA,40,upper,midpoint,40,40,1,0,1.5
SCH,SCH23_y2009_s009,A/SouthSudan/631/2023,plate32-CTGAAACCTTGTCCTA,40,upper,midpoint,40.01,40,0.9956,0,10
SCH,SCH23_y2009_s009,A/SouthSudan/631/2023,plate32-TTAGTCATCTGGGTGC,40.2,interpolated,midpoint,40.2,40.2,1,0,10
SCH,SCH23_y2009_s009,A/SouthSudan/631/2023,plate32-CCAATAAAATACGATG,41.29,interpolated,midpoint,41.29,41.29,1,0,10
SCH,SCH23_y2009_s009,A/Chipata/15-NIC-001/2023,plate32-CAGTGCCATCCATCCA,41.96,interpolated,midpoint,42.16,41.96,0.9767,0,10
SCH,SCH23_y2009_s009,A/Chipata/15-NIC-001/2023,plate32-CGTATAACTGACGATT,57.17,interpolated,midpoint,57.44,57.17,0.9936,0,2.807
SCH,SCH23_y2009_s009,A/Chipata/15-NIC-001/2023,plate32-TTTCATATAATTTGAG,52.08,interpolated,midpoint,52.43,52.08,0.9873,0,3.89
SCH,SCH23_y2009_s009,A/Cambodia/e0826360/2020,plate32-TTGCAATTGAAACATA,40,upper,midpoint,40,40,0.9419,0,9.994
SCH,SCH23_y2009_s009,A/Cambodia/e0826360/2020,plate32-ATTAGATTATAACGTA,40,upper,midpoint,40,40,0.9602,0,10
SCH,SCH23_y2009_s009,A/Cambodia/e0826360/2020,plate32-TTGACTCACCGAATAA,40,upper,midpoint,40,40,0.9925,0,10
SCH,SCH23_y2009_s009,A/Saskatchewan/SKFLU317847/2023,plate32-GTTTTTCACTGAGTAG,40.42,interpolated,midpoint,40.43,40.42,0.9976,0,10
SCH,SCH23_y2009_s009,A/Saskatchewan/SKFLU317847/2023,plate32-GACCAAAAAGCAGTAT,42.36,interpolated,midpoint,42.37,42.36,0.9982,0,10
SCH,SCH23_y2009_s009,A/Saskatchewan/SKFLU317847/2023,plate32-AGCATGAGCTTGTCAT,40,upper,midpoint,40,40,1,0,10
SCH,SCH23_y2009_s009,A/Sydney/715/2023,plate32-TACGACGGAAACAGAA,43.17,interpolated,midpoint,43.21,43.17,0.9955,0,10
SCH,SCH23_y2009_s009,A/Sydney/715/2023,plate32-CTACACTACATCAAAT,41.45,interpolated,midpoint,41.51,41.45,0.9935,0,10
SCH,SCH23_y2009_s009,A/Sydney/715/2023,plate32-AATGACAGCTGTCTAG,60.64,interpolated,midpoint,63.02,60.64,0.9363,0,3.546
SCH,SCH23_y2009_s009,A/SamutSongkhram/THIS061/2023,plate32-GAGATAGCCCAGAGGT,54.78,interpolated,midpoint,54.99,54.78,0.9957,0,2.224
SCH,SCH23_y2009_s009,A/SamutSongkhram/THIS061/2023,plate32-AAGTTGTACTTAAGGC,41.39,interpolated,midpoint,41.52,41.39,0.9844,0,10
SCH,SCH23_y2009_s009,A/SamutSongkhram/THIS061/2023,plate32-CCTATTATAGCTAACA,59.14,interpolated,midpoint,59.39,59.14,0.9936,0,3.057
SCH,SCH23_y2009_s009,A/EHIME/50/2023,plate32-CGCGAATCACTAAGTA,40,upper,midpoint,40,40,0.9676,0,10
SCH,SCH23_y2009_s009,A/EHIME/50/2023,plate32-CAGTAGCAAAACATGC,40,upper,midpoint,40,40,0.9953,0,10
SCH,SCH23_y2009_s009,A/EHIME/50/2023,plate32-TTATAATGGCCGGTAT,40.9,interpolated,midpoint,40.96,40.9,0.9922,0,10
SCH,SCH23_y2009_s009,A/Georgia/40/2023,plate32-CCACGCACTTAAATAA,41.43,interpolated,midpoint,41.62,41.43,0.9774,0,10
SCH,SCH23_y2009_s009,A/Georgia/40/2023,plate32-CCATATATAAGAAACC,42.14,interpolated,midpoint,42.2,42.14,0.9935,0,10
SCH,SCH23_y2009_s009,A/Georgia/40/2023,plate32-CCCATATACTCACAGA,42.46,interpolated,midpoint,42.61,42.46,0.9823,0,10
SCH,SCH23_y2009_s009,A/Catalonia/NSVH102124476/2023,plate32-ACTGAACAGTATAACT,41.89,interpolated,midpoint,41.89,41.89,0.9997,0,10
SCH,SCH23_y2009_s009,A/Catalonia/NSVH102124476/2023,plate32-CTAAGGGCCTGTTCTT,41.98,interpolated,midpoint,42.22,41.98,0.9719,0,10
SCH,SCH23_y2009_s009,A/Catalonia/NSVH102124476/2023,plate32-AATATACCGGCACTAC,42.18,interpolated,midpoint,42.27,42.18,0.9899,0,10
SCH,SCH23_y2009_s009,A/SouthDakota/22/2023,plate32-GAAGTAACAAACTATG,40,upper,midpoint,40,40,1,0,10
SCH,SCH23_y2009_s009,A/SouthDakota/22/2023,plate32-TCAACCCTTCGATGTA,43.75,interpolated,midpoint,43.91,43.75,0.9817,0,10
SCH,SCH23_y2009_s009,A/SouthDakota/22/2023,plate32-AGGGACTTTATTGTCC,46.19,interpolated,midpoint,46.22,46.19,0.997,0,10
SCH,SCH23_y2009_s009,A/Solwezi/13-NIC-001/2023,plate32-CCACGTTCATTAGATG,40.82,interpolated,midpoint,41.04,40.82,0.9729,0,10
SCH,SCH23_y2009_s009,A/Solwezi/13-NIC-001/2023,plate32-AAACTTCGTGGTATAC,40,upper,midpoint,40,40,1,0,10
SCH,SCH23_y2009_s009,A/Solwezi/13-NIC-001/2023,plate32-TAGTTGCCCCGACCTG,73.4,interpolated,midpoint,81.41,73.4,0.8849,0,2.527
SCH,SCH23_y2009_s009,A/SouthAfrica/R06240/2023,plate32-CATATTCTAAAATTGA,42.04,interpolated,midpoint,42.25,42.04,0.9762,0,10
SCH,SCH23_y2009_s009,A/SouthAfrica/R06240/2023,plate32-AGAAAAACGACATCAT,51.03,interpolated,midpoint,51.03,51.03,1,0,4.587
SCH,SCH23_y2009_s009,A/SouthAfrica/R06240/2023,plate32-CACCGACCAACTCTCT,71.71,interpolated,midpoint,71.71,71.71,1,0,2.053
SCH,SCH23_y2009_s009,A/SouthAfrica/K056872/2023,plate32-ATCGAAAAAACTGCAA,46.92,interpolated,midpoint,46.92,46.92,1,0,3.931
SCH,SCH23_y2009_s009,A/SouthAfrica/K056872/2023,plate32-GCTGAAGACAGTATTA,42.89,interpolated,midpoint,42.93,42.89,0.996,0,10
SCH,SCH23_y2009_s009,A/SouthAfrica/K056872/2023,plate32-AAGAAAACGGAAAGAA,44.09,interpolated,midpoint,44.09,44.09,1,0,10
SCH,SCH23_y2009_s009,A/Busan/1301/2023,plate32-GCATTATAATCTTGTG,71.08,interpolated,midpoint,71.29,71.08,0.9979,0,1.455
SCH,SCH23_y2009_s009,A/Busan/1301/2023,plate32-TAAAAGAATGATGGTC,71.98,interpolated,midpoint,71.98,71.98,1,0,3.38
SCH,SCH23_y2009_s009,A/Busan/1301/2023,plate32-AATCCGGTTAACCCCG,71.58,interpolated,midpoint,72.05,71.58,0.9924,0,2.295
SCH,SCH23_y2009_s009,A/Darwin/6/2021,plate32-GTTATTATGACTTCAT,40.6,interpolated,midpoint,41.07,40.6,0.9453,0,10
SCH,SCH23_y2009_s009,A/Darwin/6/2021,plate32-CTATCTTAATCTACAG,43.3,interpolated,midpoint,43.64,43.3,0.9622,0,10
SCH,SCH23_y2009_s009,A/Darwin/6/2021,plate32-CAATTCGCCGTTCCCC,44.02,interpolated,midpoint,44.48,44.02,0.9507,0,10
SCH,SCH23_y2009_s009,A/Krabi/THIS050/2023,plate32-CGCGAACAACAGGGGA,42.19,interpolated,midpoint,42.29,42.19,0.9878,0,10
SCH,SCH23_y2009_s009,A/Krabi/THIS050/2023,plate32-TTAGCTACTAACCCGT,43.65,interpolated,midpoint,43.7,43.65,0.994,0,10
SCH,SCH23_y2009_s009,A/Krabi/THIS050/2023,plate32-AATTAATGGTAATAAA,42.87,interpolated,midpoint,42.87,42.87,1,0,10
SCH,SCH23_y2009_s009,A/Finland/399/2023,plate32-TCAATGAATGCGGGGT,40,upper,midpoint,40,40,0.9853,0,10
SCH,SCH23_y2009_s009,A/Finland/399/2023,plate32-CCACAAGTTTGAAAAC,44.03,interpolated,midpoint,44.11,44.03,0.9912,0,10
SCH,SCH23_y2009_s009,A/Finland/399/2023,plate32-CCAGAGACACGCTAGG,42.63,interpolated,midpoint,42.78,42.63,0.982,0,10
SCH,SCH23_y2009_s009,A/HongKong/45/2019,plate32-TAAAAAGCCTCCATGA,40.21,interpolated,midpoint,40.29,40.21,0.9901,0,10
SCH,SCH23_y2009_s009,A/HongKong/45/2019,plate32-TATCCAAGGGACGGAC,40,upper,midpoint,40,40,0.9863,0,10
SCH,SCH23_y2009_s009,A/HongKong/45/2019,plate32-CGGGGACAAGATTGTA,40.37,interpolated,midpoint,40.45,40.37,0.9896,0,10
SCH,SCH23_y2009_s009,A/Netherlands/01685/2023,plate32-GCATCCTTGTGTCGAA,41.76,interpolated,midpoint,41.76,41.76,1,0,10
SCH,SCH23_y2009_s009,A/Netherlands/01685/2023,plate32-TGAGATCAGCCGGGTG,42.55,interpolated,midpoint,42.58,42.55,0.9965,0,10
SCH,SCH23_y2009_s009,A/Netherlands/01685/2023,plate32-GGCTATATATCTGTTT,43.21,interpolated,midpoint,43.21,43.21,1,0,10
SCH,SCH23_y2009_s009,A/Malaysia/IMR-SARI1989/2023,plate32-TCAAACTATGATATTC,40,upper,midpoint,40,40,0.961,0,10
SCH,SCH23_y2009_s009,A/Malaysia/IMR-SARI1989/2023,plate32-TAATAACTTGAGATTC,40.84,interpolated,midpoint,40.89,40.84,0.9932,0,10
SCH,SCH23_y2009_s009,A/Malaysia/IMR-SARI1989/2023,plate32-AATTACGCATAGGCCA,51.22,interpolated,midpoint,51.81,51.22,0.9684,0,5.783
SCH,SCH23_y2009_s009,A/Bhutan/FLU-BTG-00988/2022,plate32-GGTTGCGTAGTTAATC,40.47,interpolated,midpoint,40.51,40.47,0.9951,0,10
SCH,SCH23_y2009_s009,A/Bhutan/FLU-BTG-00988/2022,plate32-CAAGAAATGTAGTGAA,42.43,interpolated,midpoint,42.43,42.43,1,0,10
SCH,SCH23_y2009_s009,A/Bhutan/FLU-BTG-00988/2022,plate32-TCGCGGTAGATTTGCG,43.41,interpolated,midpoint,44.12,43.41,0.925,0,10
SCH,SCH23_y2009_s009,A/TECPAN/017FLU/2023,plate32-TACTGAGACACTTAAA,41.8,interpolated,midpoint,41.89,41.8,0.9887,0,10
SCH,SCH23_y2009_s009,A/TECPAN/017FLU/2023,plate32-ATAATAATCATCAAGA,41.48,interpolated,midpoint,41.6,41.48,0.9864,0,10
SCH,SCH23_y2009_s009,A/TECPAN/017FLU/2023,plate32-CACCTTCATCCTAAAG,43.83,interpolated,midpoint,43.87,43.83,0.9947,0,10
SCH,SCH23_y2009_s009,A/Massachusetts/18/2022,plate32-CATTTCTGATGAATTG,43.41,interpolated,midpoint,43.41,43.41,1,0,10
SCH,SCH23_y2009_s009,A/Massachusetts/18/2022,plate32-TCCACACCCCTAGCTA,43.22,interpolated,midpoint,43.91,43.22,0.927,0,10
SCH,SCH23_y2009_s009,A/Massachusetts/18/2022,plate32-CGATCTTTACGAAAAA,44.78,interpolated,midpoint,45.07,44.78,0.9693,0,10
SCH,SCH23_y2009_s009,A/Bangkok/P3755/2023,plate32-TATCATTTCATCTACA,41.59,interpolated,midpoint,41.77,41.59,0.9791,0,10
SCH,SCH23_y2009_s009,A/Bangkok/P3755/2023,plate32-CGCAAGGGATACTAAC,41.09,interpolated,midpoint,41.31,41.09,0.9745,0,10
SCH,SCH23_y2009_s009,A/Bangkok/P3755/2023,plate32-TAGCTGGGCAAAGGCT,43.91,interpolated,midpoint,44.09,43.91,0.9798,0,10
SCH,SCH23_y2009_s009,A/Bhutan/0845/2023,plate32-AACAATTAATTTTTCA,40,upper,midpoint,40,40,0.9957,0,10
SCH,SCH23_y2009_s009,A/Bhutan/0845/2023,plate32-AAGAAATTATGGCAGG,40,upper,midpoint,40,40,0.9732,0,10
SCH,SCH23_y2009_s009,A/Bhutan/0845/2023,plate32-GACAGAAACAAAATTA,41.98,interpolated,midpoint,42.05,41.98,0.9921,0,10
SCH,SCH23_y2009_s009,A/AbuDhabi/6753/2023,plate32-TCTTGAATTTCATGGA,42.05,interpolated,midpoint,42.18,42.05,0.985,0,10
SCH,SCH23_y2009_s009,A/AbuDhabi/6753/2023,plate32-TATCGCAATATGATAA,41.91,interpolated,midpoint,41.91,41.91,1,0,10
SCH,SCH23_y2009_s009,A/AbuDhabi/6753/2023,plate32-GCTGGTGCACAAGATT,40,upper,midpoint,40,40,0.9862,0,1.922
SCH,SCH23_y2009_s009,A/Singapore/INFIMH-16-0019/2016,plate32-TACCAATGTCATTTGA,40.05,interpolated,midpoint,40.47,40.05,0.9896,0,2.008
SCH,SCH23_y2009_s009,A/Singapore/INFIMH-16-0019/2016,plate32-CGTACAGTGTAATCGA,44.66,interpolated,midpoint,44.75,44.66,0.9898,0,10
SCH,SCH23_y2009_s009,A/Singapore/INFIMH-16-0019/2016,plate32-TACTAGCAATAAAATC,45.15,interpolated,midpoint,45.28,45.15,0.986,0,10
SCH,SCH23_y2009_s009,A/SouthAfrica/K056863/2023,plate32-CCGCTATCATTAACCC,58.04,interpolated,midpoint,58.66,58.04,0.9913,0,1.668
SCH,SCH23_y2009_s009,A/SouthAfrica/K056863/2023,plate32-GAGCCCGAATAGCAAG,40.34,interpolated,midpoint,40.43,40.34,0.9891,0,10
SCH,SCH23_y2009_s009,A/SouthAfrica/K056863/2023,plate32-ATCGTCCCGGACATTT,43.2,interpolated,midpoint,43.57,43.2,0.9595,0,10
SCH,SCH23_y2009_s009,A/SouthAfrica/R07188/2023,plate32-AGTGCTATAAAAATCA,40,upper,midpoint,40,40,1,0,1.696
SCH,SCH23_y2009_s009,A/SouthAfrica/R07188/2023,plate32-TAAACTGTAACTTACA,44.17,interpolated,midpoint,44.24,44.17,0.9921,0,10
SCH,SCH23_y2009_s009,A/SouthAfrica/R07188/2023,plate32-AAATGCTGAGAGGGTA,49.23,interpolated,midpoint,49.48,49.23,0.9938,0,2.457
SCH,SCH23_y2009_s009,A/Wisconsin/27/2023,plate32-AGATGGAGGAATAAAC,48.54,interpolated,midpoint,48.68,48.54,0.9927,0,5.374
SCH,SCH23_y2009_s009,A/Wisconsin/27/2023,plate32-CAAGACAAGCCCTATA,58.82,interpolated,midpoint,58.82,58.82,1,0,4.226
SCH,SCH23_y2009_s009,A/Wisconsin/27/2023,plate32-CCTATAAGGCCTTACG,43.17,interpolated,midpoint,43.8,43.17,0.9331,0,10
SCH,SCH23_y2009_s009,A/Oman/3011/2023,plate32-TCCTTTAACTAATCGA,40,upper,midpoint,40,40,0.9858,0,10
SCH,SCH23_y2009_s009,A/Oman/3011/2023,plate32-TACGAAAATCAAGAGC,43.64,interpolated,midpoint,43.76,43.64,0.9867,0,10
SCH,SCH23_y2009_s009,A/Oman/3011/2023,plate32-AATAGGCCCAAATCCA,44.17,interpolated,midpoint,44.26,44.17,0.9904,0,10
SCH,SCH23_y2009_s009,A/Thailand/8/2022,plate32-CATAAAAGACTGTATA,63.5,interpolated,midpoint,63.5,63.5,1,0,1.645
SCH,SCH23_y2009_s009,A/Thailand/8/2022,plate32-AGACCATCGCACCCAA,46.54,interpolated,midpoint,48.32,46.54,0.9752,0,1.354
SCH,SCH23_y2009_s009,A/Thailand/8/2022,plate32-CGTACGTATGTCCCAG,66.94,interpolated,midpoint,68.82,66.94,0.9714,0,2.126
SCH,SCH23_y2009_s009,A/Switzerland/9715293/2013,plate32-TCGATTACTAGCCGGA,43.85,interpolated,midpoint,44.29,43.85,0.9517,0,10
SCH,SCH23_y2009_s009,A/Switzerland/9715293/2013,plate32-AGCTGAATTAAGTATG,41.99,interpolated,midpoint,42.17,41.99,0.9795,0,10
SCH,SCH23_y2009_s009,A/Sydney/332/2023,plate32-TATTATCTAAACGGCG,42.31,interpolated,midpoint,42.51,42.31,0.9771,0,10
SCH,SCH23_y2009_s009,A/Sydney/332/2023,plate32-CCCCAGGTATAAAATA,43.27,interpolated,midpoint,43.46,43.27,0.9783,0,10
SCH,SCH23_y2009_s009,A/Sydney/332/2023,plate32-GCCCATTGAACGCAGC,47.93,interpolated,midpoint,48.06,47.93,0.992,0,5.791
SCH,SCH23_y2009_s009,A/SouthAfrica/PET28931/2023,plate32-ACCGTTTTTCTACCAG,43.12,interpolated,midpoint,43.17,43.12,0.9945,0,10
SCH,SCH23_y2009_s009,A/SouthAfrica/PET28931/2023,plate32-GGCAATAAGTTAAATG,42.86,interpolated,midpoint,42.86,42.86,1,0,10
SCH,SCH23_y2009_s009,A/SouthAfrica/PET28931/2023,plate32-AAAACAGGTCCGGTTT,42.03,interpolated,midpoint,42.17,42.03,0.988,0,7.351
SCH,SCH23_y2009_s009,A/YAMAGATA/98/2023,plate32-TTAGCAGTTAACGTAT,43.12,interpolated,midpoint,43.25,43.12,0.9855,0,10
SCH,SCH23_y2009_s009,A/YAMAGATA/98/2023,plate32-CAACGTGATGAGGAAG,73.57,interpolated,midpoint,74.75,73.57,0.9697,0,3.915
SCH,SCH23_y2009_s009,A/YAMAGATA/98/2023,plate32-CCCGCTAACCCTGTCT,48.58,interpolated,midpoint,48.58,48.58,1,0,1.204
SCH,SCH23_y2009_s009,A/SouthAfrica/R06359/2023,plate32-AGTTATGTAAAACGTG,53.99,interpolated,midpoint,54.5,53.99,0.9785,0,4.62
SCH,SCH23_y2009_s009,A/SouthAfrica/R06359/2023,plate32-CGCAGTACACAACAAG,63.69,interpolated,midpoint,65.48,63.69,0.9513,0,3.701
SCH,SCH23_y2009_s009,A/SouthAfrica/R06359/2023,plate32-CATAATGCACAAACGC,58.88,interpolated,midpoint,59,58.88,0.9975,0,2.388
SCH,SCH23_y2009_s009,A/Bhutan/0006/2023,plate32-GAAAATCGAGCTTTAA,41.43,interpolated,midpoint,41.43,41.43,1,0,10
SCH,SCH23_y2009_s009,A/Bhutan/0006/2023,plate32-CAAAAAGCTAATAAGT,40,upper,midpoint,40,40,0.9669,0,10
SCH,SCH23_y2009_s009,A/Bhutan/0006/2023,plate32-GACCTCCTGGGCACGC,41.61,interpolated,midpoint,42.82,41.61,0.8752,0,10
SCH,SCH23_y2009_s009,A/SuratThani/P152/2023,plate32-CAATGGATAATGATAG,64.48,interpolated,midpoint,64.65,64.48,0.9955,0,3.354
SCH,SCH23_y2009_s009,A/SuratThani/P152/2023,plate32-TTACGACGTCATGTAT,56.72,interpolated,midpoint,57.43,56.72,0.9753,0,4.073
SCH,SCH23_y2009_s009,A/SuratThani/P152/2023,plate32-GATTCACGGCCCACAA,87.72,interpolated,midpoint,92.41,87.72,0.9657,0,1.363
SCH,SCH23_y2009_s009,A/Netherlands/01760/2023,plate32-AACAAGGCCAACATTT,41.41,interpolated,midpoint,41.5,41.41,0.9899,0,10
SCH,SCH23_y2009_s009,A/Netherlands/01760/2023,plate32-CTGTGAAAAAAAATAC,40,upper,midpoint,40,40,1,0,10
SCH,SCH23_y2009_s009,A/Netherlands/01760/2023,plate32-AATCCGATAAGAGCTA,40.32,interpolated,midpoint,40.32,40.32,1,0,10
SCH,SCH23_y2009_s009,A/Catalonia/2041146NS/2023,plate32-GACATCAAATAGCAAC,40.93,interpolated,midpoint,41.02,40.93,0.9887,0,10
SCH,SCH23_y2009_s009,A/Catalonia/2041146NS/2023,plate32-TAGATAATAAGATTCA,40.7,interpolated,midpoint,40.85,40.7,0.9816,0,10
SCH,SCH23_y2009_s009,A/Catalonia/2041146NS/2023,plate32-AGATCATAAGCAATAA,40.66,interpolated,midpoint,40.66,40.66,1,0,10
SCH,SCH23_y2009_s009,A/SouthAfrica/R07073/2023,plate32-CATCATTATTACAAAG,46.02,interpolated,midpoint,46.15,46.02,0.9904,0,6.801
SCH,SCH23_y2009_s009,A/SouthAfrica/R07073/2023,plate32-CACCCAAACGTTCGCA,49.37,interpolated,midpoint,50.22,49.37,0.9626,0,4.537
SCH,SCH23_y2009_s009,A/SouthAfrica/R07073/2023,plate32-CGGCTAAAGTCTATAG,50.56,interpolated,midpoint,51.67,50.56,0.9396,0,5.924
SCH,SCH23_y2009_s009,A/SouthAfrica/R05510/2023,plate32-CACCACAGTTACTTAA,132.1,interpolated,midpoint,132.1,132.1,1,0,1.507
SCH,SCH23_y2009_s009,A/SouthAfrica/R05510/2023,plate32-CGCCGAACGGCGGCGC,135.7,interpolated,midpoint,147,135.7,0.9628,0,0.9639
SCH,SCH23_y2009_s009,A/SouthAfrica/R05510/2023,plate32-TCCGCCACTATAACAT,42.47,interpolated,midpoint,99.96,42.47,0.7521,0,0.8
SCH,SCH23_y2009_s009,A/California/81/2023,plate32-ATTTATATTGTCGAAC,42.37,interpolated,midpoint,42.49,42.37,0.9863,0,10
SCH,SCH23_y2009_s009,A/California/81/2023,plate32-TTATGATCGAGGTAAA,43.91,interpolated,midpoint,44.07,43.91,0.9875,0,6.976
SCH,SCH23_y2009_s009,A/California/81/2023,plate32-CCGATAAGACGTCGCT,45.44,interpolated,midpoint,45.6,45.44,0.9822,0,10
SCH,SCH23_y2009_s009,A/Brisbane/429/2023,plate32-TTAACCTAACGTATAG,60.73,interpolated,midpoint,64.79,60.73,0.9288,0,2.376
SCH,SCH23_y2009_s009,A/Brisbane/429/2023,plate32-TTGCTAGTCTACCTGA,57.77,interpolated,midpoint,59.97,57.77,0.9302,0,4.026
SCH,SCH23_y2009_s009,A/Brisbane/429/2023,plate32-CTCCAATAGGAGACGA,113.7,interpolated,midpoint,120.5,113.7,0.9635,0,1.317
SCH,SCH23_y2009_s009,A/SouthAfrica/R06477/2023,plate32-GATCTGCTTGGAATGT,43.41,interpolated,midpoint,43.5,43.41,0.9899,0,10
SCH,SCH23_y2009_s009,A/SouthAfrica/R06477/2023,plate32-TAAACAAAACCTATAC,42.62,interpolated,midpoint,42.75,42.62,0.9843,0,10
SCH,SCH23_y2009_s009,A/SouthAfrica/R06477/2023,plate32-ATTCAATACGTACTTA,44.8,interpolated,midpoint,44.86,44.8,0.9941,0,10
SCH,SCH23_y2009_s009,A/KANAGAWA/IC2239/2023,plate32-ACGTAAATCCCCACAA,51.14,interpolated,midpoint,51.14,51.14,1,0,3.332
SCH,SCH23_y2009_s009,A/KANAGAWA/IC2239/2023,plate32-TGTAGTATAAGAATAA,57.81,interpolated,midpoint,58.87,57.81,0.9695,0,3.471
SCH,SCH23_y2009_s009,A/KANAGAWA/IC2239/2023,plate32-GACCAAAGCTGCAGGG,53.03,interpolated,midpoint,53.61,53.03,0.9697,0,5.71
SCH,SCH23_y2009_s009,A/SouthAfrica/R06506/2023,plate32-AAATACCCTTGAGATA,53.05,interpolated,midpoint,54.17,53.05,0.9795,0,1.998
SCH,SCH23_y2009_s009,A/SouthAfrica/R06506/2023,plate32-ACCCTTTTAGATATGA,52.17,interpolated,midpoint,53.01,52.17,0.9657,0,4.448
SCH,SCH23_y2009_s009,A/SouthAfrica/R06506/2023,plate32-AAGTGGTAGGATAAAA,48.49,interpolated,midpoint,48.74,48.49,0.9742,0,10
SCH,SCH23_y2009_s009,A/Jeju/1047/2023,plate32-TGAATTGCGTGATGGG,57.66,interpolated,midpoint,59.89,57.66,0.9495,0,2.801
SCH,SCH23_y2009_s009,A/Jeju/1047/2023,plate32-AAATTTTTCTTTAGAC,65.41,interpolated,midpoint,66.13,65.41,0.9835,0,3.065
SCH,SCH23_y2009_s009,A/Jeju/1047/2023,plate32-AATGGTCGAGCCATTC,56.61,interpolated,midpoint,59.92,56.61,0.9306,0,2.635
SCH,SCH23_y2009_s009,A/Schleswig-Holstein/4/2023,plate32-CCAATCATGTATCACA,56.52,interpolated,midpoint,57.48,56.52,0.9763,0,2.894
SCH,SCH23_y2009_s009,A/Schleswig-Holstein/4/2023,plate32-ACGGACAACCTATCGC,45.84,interpolated,midpoint,46.04,45.84,0.9787,0,10
SCH,SCH23_y2009_s009,A/Schleswig-Holstein/4/2023,plate32-ACTATACATAGAAGAA,58.75,interpolated,midpoint,59.7,58.75,0.9736,0,3.389
SCH,SCH23_y2009_s009,A/KANAGAWA/AC2316/2023,plate32-TGCCGATCCAATTGAT,54.45,interpolated,midpoint,55.83,54.45,0.9729,0,2.228
SCH,SCH23_y2009_s009,A/KANAGAWA/AC2316/2023,plate32-CTTGAATACACAAACA,65.17,interpolated,midpoint,65.97,65.17,0.9796,0,3.411
SCH,SCH23_y2009_s009,A/KANAGAWA/AC2316/2023,plate32-TATCCTTGAGTGGCTC,69.84,interpolated,midpoint,69.98,69.84,0.9979,0,2.072
SCH,SCH23_y2009_s009,A/Romania/543634/2022,plate32-TTTACTCGACTAACCG,87.21,interpolated,midpoint,92.3,87.21,0.9551,0,1.659
SCH,SCH23_y2009_s009,A/Romania/543634/2022,plate32-CACGTTAGTGAGACTT,69.16,interpolated,midpoint,70.53,69.16,0.9715,0,2.982
SCH,SCH23_y2009_s009,A/Romania/543634/2022,plate32-CTTCATCTCATTTAAA,87.61,interpolated,midpoint,87.61,87.61,1,0,1.589
SCH,SCH23_y2009_s009,A/Luga/RII-11393S/2023,plate32-ATGGTTATCTTACCTT,43.99,interpolated,midpoint,44.17,43.99,0.9884,0,5.818
SCH,SCH23_y2009_s009,A/Luga/RII-11393S/2023,plate32-CGTCAGAAGTTTATAA,44.11,interpolated,midpoint,44.11,44.11,1,0,3.244
SCH,SCH23_y2009_s009,A/Luga/RII-11393S/2023,plate32-CTCATTACAGAAATTG,44.9,interpolated,midpoint,44.92,44.9,0.9972,0,10
SCH,SCH23_y2009_s009,A/Netherlands/01693/2023,plate32-CCATCACCTTATACAC,49.35,interpolated,midpoint,50.43,49.35,0.9569,0,4.176
SCH,SCH23_y2009_s009,A/Netherlands/01693/2023,plate32-AACGACACTTACATCC,45.82,interpolated,midpoint,45.82,45.82,1,0,10
SCH,SCH23_y2009_s009,A/Netherlands/01693/2023,plate32-AAGCGGTTTAGGTCCA,67.33,interpolated,midpoint,70.17,67.33,0.9375,0,3.236
SCH,SCH23_y2009_s009,A/Finland/391/2023,plate32-TATCAATTCGGTATTA,62.54,interpolated,midpoint,63.06,62.54,0.9876,0,3.002
SCH,SCH23_y2009_s009,A/Finland/391/2023,plate32-AGCTATGCCTAGTGAA,82.27,interpolated,midpoint,85.15,82.27,0.9604,0,2.405
SCH,SCH23_y2009_s009,A/Finland/391/2023,plate32-CCGCAATGACAATTTG,62.86,interpolated,midpoint,65.25,62.86,0.9365,0,3.645
SCH,SCH23_y2009_s009,A/Guangdong-Futian/1980/2023,plate32-TTATGTTTTAATGGTA,51.07,interpolated,midpoint,51.42,51.07,0.9822,0,5.309
SCH,SCH23_y2009_s009,A/Guangdong-Futian/1980/2023,plate32-ATGCGTCTAAACATAG,47.65,interpolated,midpoint,47.81,47.65,0.9877,0,7.777
SCH,SCH23_y2009_s009,A/Guangdong-Futian/1980/2023,plate32-ACAAAGATAAAAATTT,53.96,interpolated,midpoint,54.71,53.96,0.9645,0,5.303
SCH,SCH23_y2009_s009,A/Sydney/749/2023,plate32-AGCAGACACTTTACAT,72.67,interpolated,midpoint,72.67,72.67,1,0,1.696
SCH,SCH23_y2009_s009,A/Sydney/749/2023,plate32-GTAGAAACTAGGAGTT,84.34,interpolated,midpoint,84.34,84.34,1,0,1.944
SCH,SCH23_y2009_s009,A/Sydney/749/2023,plate32-TCGTCCTAGAACCTAA,73.9,interpolated,midpoint,74.39,73.9,0.9935,0,1.959
SCH,SCH23_y2009_s009,A/Cambodia/e0826360/2020egg,plate32-ATAACGTTTGTGCAAA,46.03,interpolated,midpoint,46.03,46.03,1,0,2.341
SCH,SCH23_y2009_s009,A/Cambodia/e0826360/2020egg,plate32-AAATTCACAATATCCA,43.44,interpolated,midpoint,43.44,43.44,1,0,1.751
SCH,SCH23_y2009_s009,A/Cambodia/e0826360/2020egg,plate32-TGTTGTAATCTGAATA,45.27,interpolated,midpoint,45.31,45.27,0.9963,0,10
SCH,SCH23_y2009_s009,A/SENDAI/45/2023,plate32-CTGCGAATATTGTGAC,52.52,interpolated,midpoint,53.22,52.52,0.9608,0,6.133
SCH,SCH23_y2009_s009,A/SENDAI/45/2023,plate32-TGACAAACACCTGAGG,43.44,interpolated,midpoint,44,43.44,0.9402,0,10
SCH,SCH23_y2009_s009,A/SENDAI/45/2023,plate32-AAAGATAAATTCAAAA,65.28,interpolated,midpoint,66.27,65.28,0.9632,0,5.055
SCH,SCH23_y2009_s009,A/Kansas/14/2017,plate32-GCAACGAGGTGTAACC,56.83,interpolated,midpoint,58.47,56.83,0.9412,0,4.405
SCH,SCH23_y2009_s009,A/Kansas/14/2017,plate32-AACCACCCCAGAGATG,42.84,interpolated,midpoint,43.69,42.84,0.9113,0,10
SCH,SCH23_y2009_s009,A/Kansas/14/2017,plate32-TATACTCACGGAGGAT,71.63,interpolated,midpoint,73.45,71.63,0.9333,0,5.713
SCH,SCH23_y2009_s009,A/Darwin/9/2021,plate32-CAAAAGCAGCACGATA,76.11,interpolated,midpoint,77.74,76.11,0.9634,0,3.578
SCH,SCH23_y2009_s009,A/Darwin/9/2021,plate32-CGTTAACGGCCTATCC,67.21,interpolated,midpoint,68.66,67.21,0.9689,0,3.003
SCH,SCH23_y2009_s009,A/Darwin/9/2021,plate32-AAAGTAGCAGAGGATT,99.3,interpolated,midpoint,99.3,99.3,1,0,2.188
SCH,SCH23_y2009_s009,A/HongKong/4801/2014,plate32-ATTTTTCTATGGCTAC,49.37,interpolated,midpoint,49.58,49.37,0.9797,0,10
SCH,SCH23_y2009_s009,A/HongKong/4801/2014,plate32-AAGTATTGCTACACAT,50.19,interpolated,midpoint,50.19,50.19,1,0,10
SCH,SCH23_y2009_s009,A/HongKong/4801/2014,plate32-TCTTAGAGTGAACGAT,49.93,interpolated,midpoint,49.93,49.93,1,0,10
SCH,SCH23_y2009_s009,A/HongKong/4801/2014egg,plate32-CACAGACAATAAAAAA,129.9,interpolated,midpoint,130.2,129.9,0.996,0,3.272
SCH,SCH23_y2009_s009,A/HongKong/4801/2014egg,plate32-ATTTACTCATTATACG,105.4,interpolated,midpoint,108,105.4,0.945,0,4.815
SCH,SCH23_y2009_s009,A/HongKong/4801/2014egg,plate32-GGTTAACTTTGGAAGC,137.6,interpolated,midpoint,140,137.6,0.9792,0,2.408
SCH,SCH23_y2009_s009,A/Switzerland/9715293/2013NIB-88,plate32-ATAGGATATATGGCTG,120.5,interpolated,midpoint,125.7,120.5,0.939,0,3.12
SCH,SCH23_y2009_s009,A/Switzerland/9715293/2013NIB-88,plate32-CGGGAAATGTAAATGA,141.7,interpolated,midpoint,143.9,141.7,0.9725,0,3.62
SCH,SCH23_y2009_s009,A/Singapore/INFIMH-16-0019/2016X-307A,plate32-GTAATTCGCATGCGGA,159.8,interpolated,midpoint,176.8,159.8,0.8707,0,2.964
SCH,SCH23_y2009_s009,A/Singapore/INFIMH-16-0019/2016X-307A,plate32-AAAGACCTTTAACTCT,119.9,interpolated,midpoint,121.5,119.9,0.9843,0,2.363
SCH,SCH23_y2009_s009,A/Singapore/INFIMH-16-0019/2016X-307A,plate32-CAGATAGTGATGAACA,167.1,interpolated,midpoint,170,167.1,0.9598,0,5.02
SCH,SCH23_y2009_s009,A/Texas/50/2012X-223A,plate32-TCCCCGTGGTTTGACA,511.4,interpolated,midpoint,516.2,511.4,0.981,0,4.085
SCH,SCH23_y2009_s009,A/Texas/50/2012X-223A,plate32-ACGCAAATAGACCGAA,748.7,interpolated,midpoint,755.6,748.7,0.9563,0,10
SCH,SCH23_y2009_s009,A/Texas/50/2012X-223A,plate32-ATAGAAAATTATCCGC,522.9,interpolated,midpoint,561.8,522.9,0.8799,0,3.831
SCH,SCH23_y2009_s009,A/HongKong/2671/2019,plate32-TTCATCAAGTTGGTGC,177.1,interpolated,midpoint,177.2,177.1,0.9986,0,5.96
SCH,SCH23_y2009_s009,A/HongKong/2671/2019,plate32-CGGGAATCTCCCATAC,148.8,interpolated,midpoint,154.1,148.8,0.9354,0,3.96
SCH,SCH23_y2009_s009,A/HongKong/2671/2019,plate32-CGAAAACATTACAAAT,151.2,interpolated,midpoint,151.2,151.2,1,0,4.279
SCH,SCH23_y2009_s009,A/Texas/50/2012,plate32-AACCGTACCGCGTTTA,473.6,interpolated,midpoint,489,473.6,0.9638,0,2.357
SCH,SCH23_y2009_s009,A/Texas/50/2012,plate32-AGTTCCATAGGCATGG,337.5,interpolated,midpoint,341.8,337.5,0.959,0,6.757
SCH,SCH23_y2009_s009,A/Texas/50/2012,plate32-TGAGTTCATAGCTCCA,330.3,interpolated,midpoint,334.5,330.3,0.9825,0,2.798
