mutation,count,backgrounds,site
I140K,55,"['D104G,I140K,K276R,R299K', 'D104G,I140K,K276R,R299K,K326R', 'E50K,G53N,N96S,I140K,I192F,I223V', 'E50K,G53N,N96S,N122D,I140K,I192F,I223V', 'E50K,G53N,N96S,N122D,I140K,S144N,I192F,I223V,K276E', 'E50K,G53N,N96S,N122D,I140K,I192F,I223V,K276E', 'E50K,G53N,N96S,S124N,I140K,S145N,I192F,I223V', 'T28A,E50K,G53N,N96S,I140K,S145N,I192F,I223V', 'E50K,G53N,N96S,I140K,Q173R,I192F,I223V,K276E', 'P21T,E50K,G53N,N96S,I140K,I192F,I223V', 'E50K,G53N,N96S,I140K,I192F,I223V,I242M', 'I25V,E50K,G53N,N96S,I140K,I192F,I223V', 'E50K,G53D,F79V,I140K,S156H', 'G5E,E50K,G53D,F79V,T135A,I140K,S156H,S262N', 'E50K,G53D,F79V,I140K,S156H,I242M', 'E50K,G53N,N96S,I140K,I192F,I223V,V309I', 'E50K,G53D,F79V,T135A,I140K,S156H,S262N,R269K', 'E50K,G53D,F79V,D101E,I140K,S156H', 'D7G,E50K,G53D,F79V,I140K,S156H', 'E50K,G53N,N96S,D104N,I140K,I192F,I223V', 'E50K,G53N,N96S,A106V,I140K,I192F,I223V', 'E50K,G53N,N96S,N122D,I140K,I192F,I223V,K276E,Q327R', 'E50K,G53N,N96S,S124N,I140K,I192F,I223V', 'E50K,G53N,N96S,I140K,I192F,Q197H,I223V,I300V', 'E50K,G53N,N96S,I140K,I192F,S198P,K207R,I223V', 'P21T,E50K,G53N,N96S,N122D,I140K,I192F,I223V', 'E50K,G53N,N96S,I140K,I192F,I223V,K278E', 'E50K,G53N,N96S,I140K,I192F,I223V,R299K', 'G5E,E50K,G53N,N96S,I140K,I192F,I223V', 'G5V,E50K,G53N,N96S,I140K,I192F,I223V', 'E50K,G53N,G78D,N96S,I140K,I192F,I223V', 'E50K,G53N,N81D,N96S,I140K,I192F,I223V', 'E50K,G53D,F79V,I140K,S156H,Q173L,A212T,I242M', 'E50K,G53N,N96S,I140K,S145N,I192F,I223V', 'E50K,G53N,N63D,N96S,I140K,I192F,I223V', 'L15I,E50K,G53N,N96S,I140K,I192F,I223V', 'T10M,E50K,G53N,N96S,I140K,I192F,I223V', 'R33Q,E50K,G53N,N96S,I140K,I192F,I223V', 'D104G,I140K,G275S,K276R,R299K', 'E50K,G53D,F79V,N81D,I140K,S156H,I242M', 'E50K,G53D,F79V,T135A,I140K,S156H,S262N', 'E50K,G53N,N96S,I140K,I192F,I223V,G275D', 'E50K,G53N,N96S,I140K,I192F,Q197H,I223V', 'E50K,G53N,N96S,T128I,I140K,I192F,I223V', 'R33Q,E50K,G53D,F79V,I140K,S156H', 'E50K,G53N,N96S,V112I,I140K,I192F,I223V', 'R33Q,E50K,G53D,F79V,D101E,I140K,S156H,S262N', 'E50K,G53N,N96S,I140K,I192F,S198P,I223V', 'R33Q,E50K,G53D,F79V,I140K,S156H,S262N', 'E50K,G53N,N96S,I140K,I192F', 'E50K,G53N,N96S,K121E,I140K,I192F,I223V', 'D104G,S124R,I140K,K276R,R299K', 'D104G,I140K,I214T,K276R,R299K', 'E50K,G53N,F79V,I140K,S156H,I242M', 'E50K,G53N,N96S,I140K,I192F,I223V,P239S']",140
E50K,51,"['E50K,G53N,N96S,I140K,I192F,I223V', 'E50K,G53N,N96S,N122D,I140K,I192F,I223V', 'E50K,G53N,N96S,N122D,I140K,S144N,I192F,I223V,K276E', 'E50K,G53N,N96S,N122D,I140K,I192F,I223V,K276E', 'E50K,G53N,N96S,S124N,I140K,S145N,I192F,I223V', 'T28A,E50K,G53N,N96S,I140K,S145N,I192F,I223V', 'E50K,G53N,N96S,I140K,Q173R,I192F,I223V,K276E', 'P21T,E50K,G53N,N96S,I140K,I192F,I223V', 'E50K,G53N,N96S,I140K,I192F,I223V,I242M', 'I25V,E50K,G53N,N96S,I140K,I192F,I223V', 'E50K,G53D,F79V,I140K,S156H', 'G5E,E50K,G53D,F79V,T135A,I140K,S156H,S262N', 'E50K,G53D,F79V,I140K,S156H,I242M', 'E50K,G53N,N96S,I140K,I192F,I223V,V309I', 'E50K,G53D,F79V,T135A,I140K,S156H,S262N,R269K', 'E50K,G53D,F79V,D101E,I140K,S156H', 'D7G,E50K,G53D,F79V,I140K,S156H', 'E50K,G53N,N96S,D104N,I140K,I192F,I223V', 'E50K,G53N,N96S,A106V,I140K,I192F,I223V', 'E50K,G53N,N96S,N122D,I140K,I192F,I223V,K276E,Q327R', 'E50K,G53N,N96S,S124N,I140K,I192F,I223V', 'E50K,G53N,N96S,I140K,I192F,Q197H,I223V,I300V', 'E50K,G53N,N96S,I140K,I192F,S198P,K207R,I223V', 'P21T,E50K,G53N,N96S,N122D,I140K,I192F,I223V', 'E50K,G53N,N96S,I140K,I192F,I223V,K278E', 'E50K,G53N,N96S,I140K,I192F,I223V,R299K', 'G5E,E50K,G53N,N96S,I140K,I192F,I223V', 'G5V,E50K,G53N,N96S,I140K,I192F,I223V', 'E50K,G53N,G78D,N96S,I140K,I192F,I223V', 'E50K,G53N,N81D,N96S,I140K,I192F,I223V', 'E50K,G53D,F79V,I140K,S156H,Q173L,A212T,I242M', 'E50K,G53N,N96S,I140K,S145N,I192F,I223V', 'E50K,G53N,N63D,N96S,I140K,I192F,I223V', 'L15I,E50K,G53N,N96S,I140K,I192F,I223V', 'T10M,E50K,G53N,N96S,I140K,I192F,I223V', 'E50K,G53N,N96S,I192F', 'R33Q,E50K,G53N,N96S,I140K,I192F,I223V', 'E50K,G53D,F79V,N81D,I140K,S156H,I242M', 'E50K,G53D,F79V,T135A,I140K,S156H,S262N', 'E50K,G53N,N96S,I140K,I192F,I223V,G275D', 'E50K,G53N,N96S,I140K,I192F,Q197H,I223V', 'E50K,G53N,N96S,T128I,I140K,I192F,I223V', 'R33Q,E50K,G53D,F79V,I140K,S156H', 'E50K,G53N,N96S,V112I,I140K,I192F,I223V', 'R33Q,E50K,G53D,F79V,D101E,I140K,S156H,S262N', 'E50K,G53N,N96S,I140K,I192F,S198P,I223V', 'R33Q,E50K,G53D,F79V,I140K,S156H,S262N', 'E50K,G53N,N96S,I140K,I192F', 'E50K,G53N,N96S,K121E,I140K,I192F,I223V', 'E50K,G53N,F79V,I140K,S156H,I242M', 'E50K,G53N,N96S,I140K,I192F,I223V,P239S']",50
G53N,44,"['E50K,G53N,N96S,I140K,I192F,I223V', 'E50K,G53N,N96S,N122D,I140K,I192F,I223V', 'E50K,G53N,N96S,N122D,I140K,S144N,I192F,I223V,K276E', 'E50K,G53N,N96S,N122D,I140K,I192F,I223V,K276E', 'E50K,G53N,N96S,S124N,I140K,S145N,I192F,I223V', 'T28A,E50K,G53N,N96S,I140K,S145N,I192F,I223V', 'E50K,G53N,N96S,I140K,Q173R,I192F,I223V,K276E', 'P21T,E50K,G53N,N96S,I140K,I192F,I223V', 'E50K,G53N,N96S,I140K,I192F,I223V,I242M', 'I25V,E50K,G53N,N96S,I140K,I192F,I223V', 'G53N,N96S,I140M,I192F', 'E50K,G53N,N96S,I140K,I192F,I223V,V309I', 'G53N,E83K,N96S,I140M,I192F', 'I48T,G53N,N96S,Q173R,I192F', 'E50K,G53N,N96S,D104N,I140K,I192F,I223V', 'E50K,G53N,N96S,A106V,I140K,I192F,I223V', 'E50K,G53N,N96S,N122D,I140K,I192F,I223V,K276E,Q327R', 'E50K,G53N,N96S,S124N,I140K,I192F,I223V', 'E50K,G53N,N96S,I140K,I192F,Q197H,I223V,I300V', 'E50K,G53N,N96S,I140K,I192F,S198P,K207R,I223V', 'P21T,E50K,G53N,N96S,N122D,I140K,I192F,I223V', 'E50K,G53N,N96S,I140K,I192F,I223V,K278E', 'E50K,G53N,N96S,I140K,I192F,I223V,R299K', 'G5E,E50K,G53N,N96S,I140K,I192F,I223V', 'G5V,E50K,G53N,N96S,I140K,I192F,I223V', 'E50K,G53N,G78D,N96S,I140K,I192F,I223V', 'E50K,G53N,N81D,N96S,I140K,I192F,I223V', 'E50K,G53N,N96S,I140K,S145N,I192F,I223V', 'E50K,G53N,N63D,N96S,I140K,I192F,I223V', 'L15I,E50K,G53N,N96S,I140K,I192F,I223V', 'T10M,E50K,G53N,N96S,I140K,I192F,I223V', 'E50K,G53N,N96S,I192F', 'R33Q,E50K,G53N,N96S,I140K,I192F,I223V', 'E50K,G53N,N96S,I140K,I192F,I223V,G275D', 'E50K,G53N,N96S,I140K,I192F,Q197H,I223V', 'E50K,G53N,N96S,T128I,I140K,I192F,I223V', 'E50K,G53N,N96S,V112I,I140K,I192F,I223V', 'G53N,N96S,I192F,K276E,K278N,P289L', 'E50K,G53N,N96S,I140K,I192F,S198P,I223V', 'E50K,G53N,N96S,I140K,I192F', 'E50K,G53N,N96S,K121E,I140K,I192F,I223V', 'E50K,G53N,F79V,I140K,S156H,I242M', 'G53N,N96S,I192F,K276E', 'E50K,G53N,N96S,I140K,I192F,I223V,P239S']",53
N96S,43,"['E50K,G53N,N96S,I140K,I192F,I223V', 'E50K,G53N,N96S,N122D,I140K,I192F,I223V', 'E50K,G53N,N96S,N122D,I140K,S144N,I192F,I223V,K276E', 'E50K,G53N,N96S,N122D,I140K,I192F,I223V,K276E', 'E50K,G53N,N96S,S124N,I140K,S145N,I192F,I223V', 'T28A,E50K,G53N,N96S,I140K,S145N,I192F,I223V', 'E50K,G53N,N96S,I140K,Q173R,I192F,I223V,K276E', 'P21T,E50K,G53N,N96S,I140K,I192F,I223V', 'E50K,G53N,N96S,I140K,I192F,I223V,I242M', 'I25V,E50K,G53N,N96S,I140K,I192F,I223V', 'G53N,N96S,I140M,I192F', 'E50K,G53N,N96S,I140K,I192F,I223V,V309I', 'G53N,E83K,N96S,I140M,I192F', 'I48T,G53N,N96S,Q173R,I192F', 'E50K,G53N,N96S,D104N,I140K,I192F,I223V', 'E50K,G53N,N96S,A106V,I140K,I192F,I223V', 'E50K,G53N,N96S,N122D,I140K,I192F,I223V,K276E,Q327R', 'E50K,G53N,N96S,S124N,I140K,I192F,I223V', 'E50K,G53N,N96S,I140K,I192F,Q197H,I223V,I300V', 'E50K,G53N,N96S,I140K,I192F,S198P,K207R,I223V', 'P21T,E50K,G53N,N96S,N122D,I140K,I192F,I223V', 'E50K,G53N,N96S,I140K,I192F,I223V,K278E', 'E50K,G53N,N96S,I140K,I192F,I223V,R299K', 'G5E,E50K,G53N,N96S,I140K,I192F,I223V', 'G5V,E50K,G53N,N96S,I140K,I192F,I223V', 'E50K,G53N,G78D,N96S,I140K,I192F,I223V', 'E50K,G53N,N81D,N96S,I140K,I192F,I223V', 'E50K,G53N,N96S,I140K,S145N,I192F,I223V', 'E50K,G53N,N63D,N96S,I140K,I192F,I223V', 'L15I,E50K,G53N,N96S,I140K,I192F,I223V', 'T10M,E50K,G53N,N96S,I140K,I192F,I223V', 'E50K,G53N,N96S,I192F', 'R33Q,E50K,G53N,N96S,I140K,I192F,I223V', 'E50K,G53N,N96S,I140K,I192F,I223V,G275D', 'E50K,G53N,N96S,I140K,I192F,Q197H,I223V', 'E50K,G53N,N96S,T128I,I140K,I192F,I223V', 'E50K,G53N,N96S,V112I,I140K,I192F,I223V', 'G53N,N96S,I192F,K276E,K278N,P289L', 'E50K,G53N,N96S,I140K,I192F,S198P,I223V', 'E50K,G53N,N96S,I140K,I192F', 'E50K,G53N,N96S,K121E,I140K,I192F,I223V', 'G53N,N96S,I192F,K276E', 'E50K,G53N,N96S,I140K,I192F,I223V,P239S']",96
I192F,43,"['E50K,G53N,N96S,I140K,I192F,I223V', 'E50K,G53N,N96S,N122D,I140K,I192F,I223V', 'E50K,G53N,N96S,N122D,I140K,S144N,I192F,I223V,K276E', 'E50K,G53N,N96S,N122D,I140K,I192F,I223V,K276E', 'E50K,G53N,N96S,S124N,I140K,S145N,I192F,I223V', 'T28A,E50K,G53N,N96S,I140K,S145N,I192F,I223V', 'E50K,G53N,N96S,I140K,Q173R,I192F,I223V,K276E', 'P21T,E50K,G53N,N96S,I140K,I192F,I223V', 'E50K,G53N,N96S,I140K,I192F,I223V,I242M', 'I25V,E50K,G53N,N96S,I140K,I192F,I223V', 'G53N,N96S,I140M,I192F', 'E50K,G53N,N96S,I140K,I192F,I223V,V309I', 'G53N,E83K,N96S,I140M,I192F', 'I48T,G53N,N96S,Q173R,I192F', 'E50K,G53N,N96S,D104N,I140K,I192F,I223V', 'E50K,G53N,N96S,A106V,I140K,I192F,I223V', 'E50K,G53N,N96S,N122D,I140K,I192F,I223V,K276E,Q327R', 'E50K,G53N,N96S,S124N,I140K,I192F,I223V', 'E50K,G53N,N96S,I140K,I192F,Q197H,I223V,I300V', 'E50K,G53N,N96S,I140K,I192F,S198P,K207R,I223V', 'P21T,E50K,G53N,N96S,N122D,I140K,I192F,I223V', 'E50K,G53N,N96S,I140K,I192F,I223V,K278E', 'E50K,G53N,N96S,I140K,I192F,I223V,R299K', 'G5E,E50K,G53N,N96S,I140K,I192F,I223V', 'G5V,E50K,G53N,N96S,I140K,I192F,I223V', 'E50K,G53N,G78D,N96S,I140K,I192F,I223V', 'E50K,G53N,N81D,N96S,I140K,I192F,I223V', 'E50K,G53N,N96S,I140K,S145N,I192F,I223V', 'E50K,G53N,N63D,N96S,I140K,I192F,I223V', 'L15I,E50K,G53N,N96S,I140K,I192F,I223V', 'T10M,E50K,G53N,N96S,I140K,I192F,I223V', 'E50K,G53N,N96S,I192F', 'R33Q,E50K,G53N,N96S,I140K,I192F,I223V', 'E50K,G53N,N96S,I140K,I192F,I223V,G275D', 'E50K,G53N,N96S,I140K,I192F,Q197H,I223V', 'E50K,G53N,N96S,T128I,I140K,I192F,I223V', 'E50K,G53N,N96S,V112I,I140K,I192F,I223V', 'G53N,N96S,I192F,K276E,K278N,P289L', 'E50K,G53N,N96S,I140K,I192F,S198P,I223V', 'E50K,G53N,N96S,I140K,I192F', 'E50K,G53N,N96S,K121E,I140K,I192F,I223V', 'G53N,N96S,I192F,K276E', 'E50K,G53N,N96S,I140K,I192F,I223V,P239S']",192
I223V,36,"['E50K,G53N,N96S,I140K,I192F,I223V', 'E50K,G53N,N96S,N122D,I140K,I192F,I223V', 'E50K,G53N,N96S,N122D,I140K,S144N,I192F,I223V,K276E', 'E50K,G53N,N96S,N122D,I140K,I192F,I223V,K276E', 'E50K,G53N,N96S,S124N,I140K,S145N,I192F,I223V', 'T28A,E50K,G53N,N96S,I140K,S145N,I192F,I223V', 'E50K,G53N,N96S,I140K,Q173R,I192F,I223V,K276E', 'P21T,E50K,G53N,N96S,I140K,I192F,I223V', 'E50K,G53N,N96S,I140K,I192F,I223V,I242M', 'I25V,E50K,G53N,N96S,I140K,I192F,I223V', 'E50K,G53N,N96S,I140K,I192F,I223V,V309I', 'E50K,G53N,N96S,D104N,I140K,I192F,I223V', 'E50K,G53N,N96S,A106V,I140K,I192F,I223V', 'E50K,G53N,N96S,N122D,I140K,I192F,I223V,K276E,Q327R', 'E50K,G53N,N96S,S124N,I140K,I192F,I223V', 'E50K,G53N,N96S,I140K,I192F,Q197H,I223V,I300V', 'E50K,G53N,N96S,I140K,I192F,S198P,K207R,I223V', 'P21T,E50K,G53N,N96S,N122D,I140K,I192F,I223V', 'E50K,G53N,N96S,I140K,I192F,I223V,K278E', 'E50K,G53N,N96S,I140K,I192F,I223V,R299K', 'G5E,E50K,G53N,N96S,I140K,I192F,I223V', 'G5V,E50K,G53N,N96S,I140K,I192F,I223V', 'E50K,G53N,G78D,N96S,I140K,I192F,I223V', 'E50K,G53N,N81D,N96S,I140K,I192F,I223V', 'E50K,G53N,N96S,I140K,S145N,I192F,I223V', 'E50K,G53N,N63D,N96S,I140K,I192F,I223V', 'L15I,E50K,G53N,N96S,I140K,I192F,I223V', 'T10M,E50K,G53N,N96S,I140K,I192F,I223V', 'R33Q,E50K,G53N,N96S,I140K,I192F,I223V', 'E50K,G53N,N96S,I140K,I192F,I223V,G275D', 'E50K,G53N,N96S,I140K,I192F,Q197H,I223V', 'E50K,G53N,N96S,T128I,I140K,I192F,I223V', 'E50K,G53N,N96S,V112I,I140K,I192F,I223V', 'E50K,G53N,N96S,I140K,I192F,S198P,I223V', 'E50K,G53N,N96S,K121E,I140K,I192F,I223V', 'E50K,G53N,N96S,I140K,I192F,I223V,P239S']",223
S156H,13,"['E50K,G53D,F79V,I140K,S156H', 'G5E,E50K,G53D,F79V,T135A,I140K,S156H,S262N', 'E50K,G53D,F79V,I140K,S156H,I242M', 'E50K,G53D,F79V,T135A,I140K,S156H,S262N,R269K', 'E50K,G53D,F79V,D101E,I140K,S156H', 'D7G,E50K,G53D,F79V,I140K,S156H', 'E50K,G53D,F79V,I140K,S156H,Q173L,A212T,I242M', 'E50K,G53D,F79V,N81D,I140K,S156H,I242M', 'E50K,G53D,F79V,T135A,I140K,S156H,S262N', 'R33Q,E50K,G53D,F79V,I140K,S156H', 'R33Q,E50K,G53D,F79V,D101E,I140K,S156H,S262N', 'R33Q,E50K,G53D,F79V,I140K,S156H,S262N', 'E50K,G53N,F79V,I140K,S156H,I242M']",156
F79V,13,"['E50K,G53D,F79V,I140K,S156H', 'G5E,E50K,G53D,F79V,T135A,I140K,S156H,S262N', 'E50K,G53D,F79V,I140K,S156H,I242M', 'E50K,G53D,F79V,T135A,I140K,S156H,S262N,R269K', 'E50K,G53D,F79V,D101E,I140K,S156H', 'D7G,E50K,G53D,F79V,I140K,S156H', 'E50K,G53D,F79V,I140K,S156H,Q173L,A212T,I242M', 'E50K,G53D,F79V,N81D,I140K,S156H,I242M', 'E50K,G53D,F79V,T135A,I140K,S156H,S262N', 'R33Q,E50K,G53D,F79V,I140K,S156H', 'R33Q,E50K,G53D,F79V,D101E,I140K,S156H,S262N', 'R33Q,E50K,G53D,F79V,I140K,S156H,S262N', 'E50K,G53N,F79V,I140K,S156H,I242M']",79
G53D,12,"['E50K,G53D,F79V,I140K,S156H', 'G5E,E50K,G53D,F79V,T135A,I140K,S156H,S262N', 'E50K,G53D,F79V,I140K,S156H,I242M', 'E50K,G53D,F79V,T135A,I140K,S156H,S262N,R269K', 'E50K,G53D,F79V,D101E,I140K,S156H', 'D7G,E50K,G53D,F79V,I140K,S156H', 'E50K,G53D,F79V,I140K,S156H,Q173L,A212T,I242M', 'E50K,G53D,F79V,N81D,I140K,S156H,I242M', 'E50K,G53D,F79V,T135A,I140K,S156H,S262N', 'R33Q,E50K,G53D,F79V,I140K,S156H', 'R33Q,E50K,G53D,F79V,D101E,I140K,S156H,S262N', 'R33Q,E50K,G53D,F79V,I140K,S156H,S262N']",53
K276E,6,"['E50K,G53N,N96S,N122D,I140K,S144N,I192F,I223V,K276E', 'E50K,G53N,N96S,N122D,I140K,I192F,I223V,K276E', 'E50K,G53N,N96S,I140K,Q173R,I192F,I223V,K276E', 'E50K,G53N,N96S,N122D,I140K,I192F,I223V,K276E,Q327R', 'G53N,N96S,I192F,K276E,K278N,P289L', 'G53N,N96S,I192F,K276E']",276
K276R,6,"['D104G,I140K,K276R,R299K', 'D104G,I140K,K276R,R299K,K326R', 'K276R', 'D104G,I140K,G275S,K276R,R299K', 'D104G,S124R,I140K,K276R,R299K', 'D104G,I140K,I214T,K276R,R299K']",276
R299K,6,"['D104G,I140K,K276R,R299K', 'D104G,I140K,K276R,R299K,K326R', 'E50K,G53N,N96S,I140K,I192F,I223V,R299K', 'D104G,I140K,G275S,K276R,R299K', 'D104G,S124R,I140K,K276R,R299K', 'D104G,I140K,I214T,K276R,R299K']",299
S262N,5,"['G5E,E50K,G53D,F79V,T135A,I140K,S156H,S262N', 'E50K,G53D,F79V,T135A,I140K,S156H,S262N,R269K', 'E50K,G53D,F79V,T135A,I140K,S156H,S262N', 'R33Q,E50K,G53D,F79V,D101E,I140K,S156H,S262N', 'R33Q,E50K,G53D,F79V,I140K,S156H,S262N']",262
I242M,5,"['E50K,G53N,N96S,I140K,I192F,I223V,I242M', 'E50K,G53D,F79V,I140K,S156H,I242M', 'E50K,G53D,F79V,I140K,S156H,Q173L,A212T,I242M', 'E50K,G53D,F79V,N81D,I140K,S156H,I242M', 'E50K,G53N,F79V,I140K,S156H,I242M']",242
N122D,5,"['E50K,G53N,N96S,N122D,I140K,I192F,I223V', 'E50K,G53N,N96S,N122D,I140K,S144N,I192F,I223V,K276E', 'E50K,G53N,N96S,N122D,I140K,I192F,I223V,K276E', 'E50K,G53N,N96S,N122D,I140K,I192F,I223V,K276E,Q327R', 'P21T,E50K,G53N,N96S,N122D,I140K,I192F,I223V']",122
D104G,5,"['D104G,I140K,K276R,R299K', 'D104G,I140K,K276R,R299K,K326R', 'D104G,I140K,G275S,K276R,R299K', 'D104G,S124R,I140K,K276R,R299K', 'D104G,I140K,I214T,K276R,R299K']",104
R33Q,4,"['R33Q,E50K,G53N,N96S,I140K,I192F,I223V', 'R33Q,E50K,G53D,F79V,I140K,S156H', 'R33Q,E50K,G53D,F79V,D101E,I140K,S156H,S262N', 'R33Q,E50K,G53D,F79V,I140K,S156H,S262N']",33
S145N,3,"['E50K,G53N,N96S,S124N,I140K,S145N,I192F,I223V', 'T28A,E50K,G53N,N96S,I140K,S145N,I192F,I223V', 'E50K,G53N,N96S,I140K,S145N,I192F,I223V']",145
T135A,3,"['G5E,E50K,G53D,F79V,T135A,I140K,S156H,S262N', 'E50K,G53D,F79V,T135A,I140K,S156H,S262N,R269K', 'E50K,G53D,F79V,T135A,I140K,S156H,S262N']",135
S124N,2,"['E50K,G53N,N96S,S124N,I140K,S145N,I192F,I223V', 'E50K,G53N,N96S,S124N,I140K,I192F,I223V']",124
G5E,2,"['G5E,E50K,G53D,F79V,T135A,I140K,S156H,S262N', 'G5E,E50K,G53N,N96S,I140K,I192F,I223V']",5
P21T,2,"['P21T,E50K,G53N,N96S,I140K,I192F,I223V', 'P21T,E50K,G53N,N96S,N122D,I140K,I192F,I223V']",21
Q173R,2,"['E50K,G53N,N96S,I140K,Q173R,I192F,I223V,K276E', 'I48T,G53N,N96S,Q173R,I192F']",173
Q197H,2,"['E50K,G53N,N96S,I140K,I192F,Q197H,I223V,I300V', 'E50K,G53N,N96S,I140K,I192F,Q197H,I223V']",197
N81D,2,"['E50K,G53N,N81D,N96S,I140K,I192F,I223V', 'E50K,G53D,F79V,N81D,I140K,S156H,I242M']",81
S198P,2,"['E50K,G53N,N96S,I140K,I192F,S198P,K207R,I223V', 'E50K,G53N,N96S,I140K,I192F,S198P,I223V']",198
D101E,2,"['E50K,G53D,F79V,D101E,I140K,S156H', 'R33Q,E50K,G53D,F79V,D101E,I140K,S156H,S262N']",101
I140M,2,"['G53N,N96S,I140M,I192F', 'G53N,E83K,N96S,I140M,I192F']",140
V309I,1,"['E50K,G53N,N96S,I140K,I192F,I223V,V309I']",309
I25V,1,"['I25V,E50K,G53N,N96S,I140K,I192F,I223V']",25
T28A,1,"['T28A,E50K,G53N,N96S,I140K,S145N,I192F,I223V']",28
S144N,1,"['E50K,G53N,N96S,N122D,I140K,S144N,I192F,I223V,K276E']",144
K326R,1,"['D104G,I140K,K276R,R299K,K326R']",326
D7G,1,"['D7G,E50K,G53D,F79V,I140K,S156H']",7
I48T,1,"['I48T,G53N,N96S,Q173R,I192F']",48
E83K,1,"['G53N,E83K,N96S,I140M,I192F']",83
Q327R,1,"['E50K,G53N,N96S,N122D,I140K,I192F,I223V,K276E,Q327R']",327
A106V,1,"['E50K,G53N,N96S,A106V,I140K,I192F,I223V']",106
D104N,1,"['E50K,G53N,N96S,D104N,I140K,I192F,I223V']",104
I300V,1,"['E50K,G53N,N96S,I140K,I192F,Q197H,I223V,I300V']",300
K207R,1,"['E50K,G53N,N96S,I140K,I192F,S198P,K207R,I223V']",207
K278E,1,"['E50K,G53N,N96S,I140K,I192F,I223V,K278E']",278
G5V,1,"['G5V,E50K,G53N,N96S,I140K,I192F,I223V']",5
R269K,1,"['E50K,G53D,F79V,T135A,I140K,S156H,S262N,R269K']",269
G78D,1,"['E50K,G53N,G78D,N96S,I140K,I192F,I223V']",78
Q173L,1,"['E50K,G53D,F79V,I140K,S156H,Q173L,A212T,I242M']",173
N63D,1,"['E50K,G53N,N63D,N96S,I140K,I192F,I223V']",63
A212T,1,"['E50K,G53D,F79V,I140K,S156H,Q173L,A212T,I242M']",212
L15I,1,"['L15I,E50K,G53N,N96S,I140K,I192F,I223V']",15
T10M,1,"['T10M,E50K,G53N,N96S,I140K,I192F,I223V']",10
G275S,1,"['D104G,I140K,G275S,K276R,R299K']",275
G275D,1,"['E50K,G53N,N96S,I140K,I192F,I223V,G275D']",275
T128I,1,"['E50K,G53N,N96S,T128I,I140K,I192F,I223V']",128
V112I,1,"['E50K,G53N,N96S,V112I,I140K,I192F,I223V']",112
K278N,1,"['G53N,N96S,I192F,K276E,K278N,P289L']",278
P289L,1,"['G53N,N96S,I192F,K276E,K278N,P289L']",289
K121E,1,"['E50K,G53N,N96S,K121E,I140K,I192F,I223V']",121
S124R,1,"['D104G,S124R,I140K,K276R,R299K']",124
I214T,1,"['D104G,I140K,I214T,K276R,R299K']",214
P239S,1,"['E50K,G53N,N96S,I140K,I192F,I223V,P239S']",239
